epoch_s,gpu_soc_mw,cpu_cv_mw,sys_5v0_mw,total_mw,vddq_mw
1786589478.252976,5162.6,1587.8,4507.2,11257.6,500.8
1786589478.352993,5162.6,1587.8,4507.2,11257.6,400.6
1786589478.452986,5162.6,1587.8,4507.2,11257.6,400.6
1786589478.553193,5162.6,1587.8,4507.2,11257.6,400.6
1786589478.652979,5164.6,1587.8,4507.2,11259.7,400.6
1786589478.753046,5164.6,1587.8,4507.2,11259.7,400.6
1786589478.853093,5164.6,1587.8,4407.0,11159.5,400.6
1786589478.952945,5164.6,1587.8,4407.0,11159.5,400.6
1786589479.052944,5164.6,1587.8,4407.0,11159.5,400.6
1786589479.152968,5164.6,1587.8,4407.0,11159.5,400.6
1786589479.253044,5164.6,1587.8,4407.0,11159.5,400.6
1786589479.352979,5164.6,1587.8,4407.0,11159.5,400.6
1786589479.453098,5164.6,1587.8,4407.0,11159.5,400.6
1786589479.553456,5162.6,1587.8,4507.2,11257.6,500.8
1786589479.653104,5162.6,1984.8,4607.4,11754.7,500.8
1786589479.753289,5162.6,2381.8,4707.5,12251.8,601.0
1786589479.853070,5164.6,1984.8,4607.4,11756.8,601.0
1786589479.952937,5164.6,1985.6,4607.4,11757.6,500.8
1786589480.052959,5164.6,1984.8,4507.2,11656.6,500.8
1786589480.153301,5162.6,1984.8,4607.4,11754.7,500.8
1786589480.253204,5162.6,1984.8,4607.4,11754.7,500.8
1786589480.352996,5162.6,2381.8,4607.4,12151.7,601.0
1786589480.453323,5162.6,2381.8,4707.5,12251.8,601.0
1786589480.553340,5164.6,2381.8,4707.5,12253.9,701.1
1786589480.653029,5164.6,2382.7,4707.5,12254.9,601.0
1786589480.752995,5164.6,1985.6,4607.4,11757.6,500.8
1786589480.853031,5164.6,1985.6,4607.4,11757.6,500.8
1786589480.953022,5164.6,1985.6,4507.2,11657.4,500.8
1786589481.052927,5164.6,1588.5,4507.2,11260.3,500.8
1786589481.153208,5164.6,1588.5,4507.2,11260.3,500.8
1786589481.253043,5164.6,1588.5,4507.2,11260.3,500.8
1786589481.352962,5164.6,1588.5,4507.2,11260.3,400.6
1786589481.452966,5164.6,1588.5,4507.2,11260.3,400.6
1786589481.552959,5164.6,1588.5,4507.2,11260.3,400.6
1786589481.652961,5164.6,1588.5,4407.0,11160.2,400.6
1786589481.752975,5164.6,1588.5,4407.0,11160.2,400.6
1786589481.853114,5164.6,1588.5,4407.0,11160.2,400.6
1786589481.952979,5164.6,1588.5,4407.0,11160.2,400.6
1786589482.052961,5164.6,1588.5,4407.0,11160.2,400.6
1786589482.153367,5164.6,1587.8,4507.2,11259.7,400.6
1786589482.253012,5164.6,1588.5,4507.2,11260.3,400.6
1786589482.352961,5164.6,1588.5,4507.2,11260.3,400.6
1786589482.452972,5164.6,1588.5,4407.0,11160.2,400.6
1786589482.552983,5164.6,1588.5,4407.0,11160.2,400.6
1786589482.653001,5164.6,1587.8,4407.0,11159.5,400.6
1786589482.753201,5164.6,1587.8,4407.0,11159.5,400.6
1786589482.853212,5164.6,1587.8,4507.2,11259.7,400.6
1786589482.952965,5164.6,1587.8,4407.0,11159.5,400.6
1786589483.052937,5164.6,1587.8,4407.0,11159.5,400.6
1786589483.152961,5164.6,1587.8,4407.0,11159.5,400.6
1786589483.253047,5164.6,1587.8,4407.0,11159.5,400.6
1786589483.352969,5162.6,1587.8,4407.0,11157.4,400.6
1786589483.452971,5162.6,1587.8,4407.0,11157.4,400.6
1786589483.553041,5162.6,1587.8,4407.0,11157.4,400.6
1786589483.653013,5162.6,1587.8,4407.0,11157.4,400.6
1786589483.752980,5162.6,1587.8,4407.0,11157.4,400.6
1786589483.852997,5162.6,1587.8,4407.0,11157.4,400.6
1786589483.953081,5164.6,1587.8,4407.0,11159.5,400.6
1786589484.052972,5164.6,1587.8,4407.0,11159.5,400.6
1786589484.153322,5162.6,1587.8,4507.2,11257.6,400.6
1786589484.252976,5164.6,1587.8,4507.2,11259.7,400.6
1786589484.352970,5164.6,1587.8,4507.2,11259.7,400.6
1786589484.452973,5164.6,1587.8,4407.0,11159.5,400.6
1786589484.553016,5164.6,1587.8,4407.0,11159.5,400.6
1786589484.652977,5164.6,1587.8,4407.0,11159.5,400.6
1786589484.752968,5164.6,1587.8,4407.0,11159.5,400.6
1786589484.853143,5164.6,1587.8,4407.0,11159.5,400.6
1786589484.953261,5164.6,1587.8,4407.0,11159.5,400.6
1786589485.053154,5164.6,1587.8,4407.0,11159.5,400.6
1786589485.152935,5164.6,1587.8,4407.0,11159.5,400.6
1786589485.253047,5164.6,1587.8,4407.0,11159.5,400.6
1786589485.352937,5164.6,1587.8,4407.0,11159.5,400.6
1786589485.452942,5164.6,1587.8,4407.0,11159.5,400.6
1786589485.552954,5164.6,1587.8,4407.0,11159.5,400.6
1786589485.652962,5164.6,1587.8,4407.0,11159.5,400.6
1786589485.753172,5162.6,1587.8,4507.2,11257.6,400.6
1786589485.853311,5162.6,1984.8,4507.2,11654.6,500.8
1786589485.953348,5162.6,1984.8,4607.4,11754.7,601.0
1786589486.053204,5164.6,2381.8,4607.4,12153.8,601.0
1786589486.153409,5162.6,2381.8,4707.5,12251.8,601.0
1786589486.252990,5162.6,2381.8,4707.5,12251.8,701.1
1786589486.352948,5162.6,2381.8,4807.7,12352.0,701.1
1786589486.452955,5164.6,2381.8,4807.7,12354.1,701.1
1786589486.553251,5162.6,2381.8,4707.5,12251.8,601.0
1786589486.652937,5162.6,1984.8,4707.5,11854.9,601.0
1786589486.752955,5162.6,1984.8,4607.4,11754.7,500.8
1786589486.853137,5162.6,1984.8,4607.4,11754.7,500.8
1786589486.952950,5164.6,1587.8,4507.2,11259.7,500.8
1786589487.052932,5164.6,1587.8,4507.2,11259.7,500.8
1786589487.152952,5164.6,1587.8,4507.2,11259.7,400.6
1786589487.253199,5164.6,1587.8,4507.2,11259.7,500.8
1786589487.352969,5164.6,1587.8,4507.2,11259.7,400.6
1786589487.452947,5164.6,1587.8,4507.2,11259.7,400.6
1786589487.552961,5164.6,1587.8,4507.2,11259.7,400.6
1786589487.652972,5164.6,1587.8,4407.0,11159.5,400.6
1786589487.753086,5164.6,1587.8,4407.0,11159.5,400.6
1786589487.853051,5164.6,1587.8,4407.0,11159.5,400.6
1786589487.952953,5164.6,1588.5,4407.0,11160.2,400.6
1786589488.052918,5164.6,1588.5,4407.0,11160.2,400.6
1786589488.153344,5162.6,1587.8,4507.2,11257.6,400.6
1786589488.252966,5164.6,1587.8,4507.2,11259.7,400.6
1786589488.352937,5164.6,1587.8,4507.2,11259.7,400.6
1786589488.452942,5164.6,1587.8,4507.2,11259.7,400.6
1786589488.552939,5164.6,1587.8,4407.0,11159.5,400.6
1786589488.652968,5164.6,1587.8,4407.0,11159.5,400.6
1786589488.752954,5164.6,1587.8,4407.0,11159.5,400.6
1786589488.853122,5164.6,1587.8,4407.0,11159.5,400.6
1786589488.952948,5164.6,1588.5,4407.0,11160.2,400.6
1786589489.052951,5164.6,1588.5,4407.0,11160.2,400.6
1786589489.152946,5164.6,1588.5,4407.0,11160.2,400.6
1786589489.253061,5164.6,1588.5,4407.0,11160.2,400.6
1786589489.352959,5164.6,1588.5,4407.0,11160.2,400.6
1786589489.452934,5164.6,1588.5,4407.0,11160.2,400.6
1786589489.553153,5164.6,1588.5,4407.0,11160.2,400.6
1786589489.652966,5164.6,1587.8,4407.0,11159.5,400.0
1786589489.753050,5164.6,1587.8,4407.0,11159.5,400.6
1786589489.852943,5164.6,1587.8,4407.0,11159.5,400.6
1786589489.952919,5164.6,1587.8,4407.0,11159.5,400.6
1786589490.052931,5164.6,1587.8,4407.0,11159.5,400.6
1786589490.153328,5162.6,1587.8,4507.2,11257.6,500.8
1786589490.252975,5164.6,1587.8,4507.2,11259.7,400.6
1786589490.352939,5164.6,1587.8,4507.2,11259.7,400.6
1786589490.452937,5164.6,1587.8,4407.0,11159.5,400.6
1786589490.552957,5164.6,1587.8,4407.0,11159.5,400.6
1786589490.652952,5164.6,1587.8,4407.0,11159.5,400.6
1786589490.752949,5164.6,1587.8,4407.0,11159.5,400.6
1786589490.853243,5164.6,1587.8,4507.2,11259.7,400.6
1786589490.953212,5164.6,1587.8,4507.2,11259.7,500.8
1786589491.052945,5164.6,1587.8,4507.2,11259.7,400.6
1786589491.153234,5164.6,1587.8,4507.2,11259.7,500.8
1786589491.253231,5162.6,1984.8,4507.2,11654.6,500.8
1786589491.353080,5162.6,1984.8,4607.4,11754.7,601.0
1786589491.453263,5162.6,2381.8,4707.5,12251.8,601.0
1786589491.553186,5162.6,2381.8,4707.5,12251.8,601.0
1786589491.652926,5164.6,1984.8,4607.4,11756.8,601.0
1786589491.753065,5164.6,1984.8,4607.4,11756.8,500.8
1786589491.853021,5164.6,1984.8,4607.4,11756.8,500.8
1786589491.952918,5164.6,1587.8,4507.2,11259.7,500.8
1786589492.052912,5164.6,1587.8,4507.2,11259.7,400.6
1786589492.153322,5162.6,1984.8,4507.2,11654.6,500.8
1786589492.252939,5162.6,1587.8,4507.2,11257.6,500.8
1786589492.352912,5162.6,1587.8,4507.2,11257.6,400.6
1786589492.452951,5164.6,1587.8,4507.2,11259.7,400.6
1786589492.552951,5164.6,1587.8,4507.2,11259.7,400.6
1786589492.652961,5164.6,1587.8,4407.0,11159.5,400.6
1786589492.752960,5164.6,1587.8,4407.0,11159.5,400.6
1786589492.853130,5164.6,1588.5,4407.0,11160.2,400.6
1786589492.952949,5164.6,1588.5,4407.0,11160.2,400.6
1786589493.052932,5164.6,1588.5,4407.0,11160.2,400.6
1786589493.152951,5164.6,1588.5,4407.0,11160.2,400.6
1786589493.253000,5164.6,1588.5,4407.0,11160.2,400.6
1786589493.352943,5164.6,1588.5,4407.0,11160.2,400.6
1786589493.452936,5164.6,1588.5,4407.0,11160.2,400.6
1786589493.552937,5164.6,1588.5,4407.0,11160.2,400.6
1786589493.652937,5164.6,1191.4,4407.0,10763.0,400.6
1786589493.753169,5164.6,1588.5,4407.0,11160.2,400.6
1786589493.853013,5164.6,1588.5,4407.0,11160.2,400.6
1786589493.952959,5164.6,1588.5,4407.0,11160.2,400.6
1786589494.052936,5164.6,1588.5,4407.0,11160.2,400.6
1786589494.153334,5164.6,1588.5,4507.2,11260.3,400.6
1786589494.252957,5164.6,1588.5,4507.2,11260.3,400.6
1786589494.352945,5164.6,1588.5,4507.2,11260.3,400.6
1786589494.452960,5164.6,1588.5,4407.0,11160.2,400.6
1786589494.552953,5164.6,1588.5,4407.0,11160.2,400.6
1786589494.652959,5164.6,1588.5,4407.0,11160.2,400.6
1786589494.752966,5164.6,1588.5,4407.0,11160.2,400.6
1786589494.853150,5164.6,1588.5,4407.0,11160.2,400.6
1786589494.952959,5164.6,1588.5,4407.0,11160.2,400.6
1786589495.052944,5164.6,1588.5,4407.0,11160.2,400.6
1786589495.152969,5164.6,1588.5,4407.0,11160.2,400.6
1786589495.253124,5164.6,1588.5,4407.0,11160.2,400.6
1786589495.352964,5164.6,1588.5,4407.0,11160.2,400.6
1786589495.452996,5164.6,1588.5,4407.0,11160.2,400.6
1786589495.552948,5164.6,1191.4,4407.0,10763.0,400.6
1786589495.652946,5164.6,1190.9,4407.0,10762.6,400.6
1786589495.753078,5164.6,1190.9,4407.0,10762.6,400.6
1786589495.853029,5164.6,1191.4,4407.0,10763.0,400.6
1786589495.952962,5164.6,1191.4,4407.0,10763.0,400.6
1786589496.053083,5164.6,1587.8,4407.0,11159.5,400.6
1786589496.153350,5162.6,1587.8,4507.2,11257.6,500.8
1786589496.252975,5164.6,1587.8,4507.2,11259.7,400.6
1786589496.352969,5164.6,1587.8,4507.2,11259.7,400.6
1786589496.452945,5164.6,1587.8,4407.0,11159.5,400.6
1786589496.552948,5162.6,1587.8,4407.0,11157.4,400.6
1786589496.652956,5164.6,1587.8,4407.0,11159.5,400.6
1786589496.753224,5162.6,1587.8,4507.2,11257.6,400.6
1786589496.853167,5162.6,1984.8,4607.4,11754.7,500.8
1786589496.953734,5162.6,2381.8,4607.4,12151.7,601.0
1786589497.053205,5162.6,2381.8,4707.5,12251.8,601.0
1786589497.152948,5164.6,1984.8,4607.4,11756.8,500.8
1786589497.252987,5162.6,1984.8,4607.4,11754.7,500.8
1786589497.352946,5162.6,1984.8,4507.2,11654.6,500.8
1786589497.452957,5162.6,1587.8,4507.2,11257.6,500.8
1786589497.552969,5162.6,1587.8,4507.2,11257.6,400.0
1786589497.652965,5162.6,1587.8,4507.2,11257.6,400.6
1786589497.753119,5162.6,1587.8,4507.2,11257.6,400.0
1786589497.853043,5162.6,1587.8,4407.0,11157.4,400.6
1786589497.952958,5162.6,1587.8,4407.0,11157.4,400.6
1786589498.052942,5162.6,1587.8,4407.0,11157.4,400.6
1786589498.153353,5162.6,1587.8,4507.2,11257.6,400.6
1786589498.253197,5162.6,1587.8,4507.2,11257.6,500.8
1786589498.352975,5162.6,1587.8,4507.2,11257.6,400.6
1786589498.452959,5162.6,1587.8,4507.2,11257.6,400.0
1786589498.552973,5162.6,1587.8,4407.0,11157.4,400.0
1786589498.652956,5162.6,1587.8,4407.0,11157.4,400.6
1786589498.753018,5162.6,1587.8,4407.0,11157.4,400.6
1786589498.853150,5162.6,1587.8,4407.0,11157.4,400.6
1786589498.952958,5162.6,1587.8,4407.0,11157.4,400.6
1786589499.052957,5162.6,1587.8,4407.0,11157.4,400.6
1786589499.153006,5164.6,1587.8,4407.0,11159.5,400.6
1786589499.253018,5164.6,1587.8,4407.0,11159.5,400.6
1786589499.352969,5164.6,1587.8,4407.0,11159.5,400.6
1786589499.453023,5164.6,1588.5,4407.0,11160.2,400.6
1786589499.552959,5164.6,1190.9,4407.0,10762.6,400.6
1786589499.653001,5164.6,1191.4,4407.0,10763.0,400.6
1786589499.753090,5164.6,1588.5,4407.0,11160.2,400.6
1786589499.853087,5164.6,1588.5,4407.0,11160.2,400.6
1786589499.953016,5164.6,1587.8,4407.0,11159.5,400.6
1786589500.052956,5164.6,1190.9,4407.0,10762.6,400.6
1786589500.153334,5164.6,1587.8,4507.2,11259.7,400.6
1786589500.252966,5164.6,1588.5,4507.2,11260.3,400.6
1786589500.352959,5164.6,1588.5,4507.2,11260.3,400.6
1786589500.453061,5164.6,1587.8,4407.0,11159.5,400.6
1786589500.553186,5164.6,1587.8,4507.2,11259.7,400.6
1786589500.652943,5164.6,1587.8,4407.0,11159.5,400.6
1786589500.752956,5164.6,1587.8,4407.0,11159.5,400.6
1786589500.853106,5164.6,1587.8,4407.0,11159.5,400.0
1786589500.952963,5164.6,1587.8,4407.0,11159.5,400.6
1786589501.052944,5162.6,1587.8,4407.0,11157.4,400.6
1786589501.153372,5162.6,1587.8,4407.0,11157.4,400.6
1786589501.253243,5162.6,1587.8,4507.2,11257.6,400.6
1786589501.352928,5162.6,1587.8,4407.0,11157.4,400.6
1786589501.452935,5162.6,1587.8,4407.0,11157.4,400.6
1786589501.552895,5162.6,1587.8,4407.0,11157.4,400.6
1786589501.652941,5162.6,1587.8,4407.0,11157.4,400.6
1786589501.753088,5162.6,1587.8,4407.0,11157.4,400.6
1786589501.853211,5162.6,1587.8,4407.0,11157.4,400.6
1786589501.952971,5162.6,1587.8,4407.0,11157.4,400.6
1786589502.052930,5162.6,1587.8,4407.0,11157.4,400.6
1786589502.153285,5162.6,1587.8,4507.2,11257.6,400.6
1786589502.253137,5162.6,1984.8,4507.2,11654.6,500.8
1786589502.353070,5162.6,1984.8,4607.4,11754.7,500.8
1786589502.453268,5162.6,2381.8,4707.5,12251.8,601.0
1786589502.553285,5164.6,2381.8,4707.5,12253.9,601.0
1786589502.652952,5164.6,1984.8,4607.4,11756.8,601.0
1786589502.752935,5164.6,1984.8,4607.4,11756.8,500.8
1786589502.853118,5164.6,1984.8,4507.2,11656.6,500.8
1786589502.953006,5162.6,1587.8,4507.2,11257.6,500.8
1786589503.052919,5162.6,1587.8,4507.2,11257.6,400.6
1786589503.152910,5162.6,1587.8,4507.2,11257.6,400.6
1786589503.252972,5162.6,1587.8,4507.2,11257.6,400.6
1786589503.352951,5162.6,1587.8,4507.2,11257.6,400.6
1786589503.452962,5162.6,1587.8,4407.0,11157.4,400.6
1786589503.552947,5162.6,1587.8,4407.0,11157.4,400.6
1786589503.652946,5162.6,1587.8,4407.0,11157.4,400.6
1786589503.753051,5162.6,1587.8,4407.0,11157.4,400.6
1786589503.853059,5162.6,1587.8,4507.2,11257.6,400.6
1786589503.953032,5162.6,1587.8,4407.0,11157.4,400.6
1786589504.052957,5162.6,1587.8,4407.0,11157.4,400.6
1786589504.153402,5162.6,1587.8,4507.2,11257.6,500.8
1786589504.252957,5162.6,1587.8,4507.2,11257.6,400.6
1786589504.352927,5162.6,1587.8,4507.2,11257.6,400.6
1786589504.452937,5162.6,1587.8,4407.0,11157.4,400.6
1786589504.552975,5162.6,1587.8,4407.0,11157.4,400.6
1786589504.652946,5164.6,1587.8,4407.0,11159.5,400.6
1786589504.753170,5164.6,1587.8,4407.0,11159.5,400.6
1786589504.853164,5164.6,1587.8,4407.0,11159.5,400.6
1786589504.952954,5164.6,1587.8,4407.0,11159.5,400.6
1786589505.052941,5164.6,1587.8,4407.0,11159.5,400.6
1786589505.152934,5164.6,1587.8,4407.0,11159.5,400.6
1786589505.253220,5162.6,1587.8,4407.0,11157.4,400.6
1786589505.352982,5162.6,1587.8,4407.0,11157.4,400.6
1786589505.452957,5162.6,1587.8,4407.0,11157.4,400.0
1786589505.552961,5162.6,1587.8,4407.0,11157.4,400.6
1786589505.652941,5162.6,1587.8,4407.0,11157.4,400.6
1786589505.753066,5162.6,1587.8,4407.0,11157.4,400.6
1786589505.853019,5162.6,1587.8,4407.0,11157.4,400.6
1786589505.952961,5162.6,1587.8,4407.0,11157.4,400.6
1786589506.052949,5162.6,1587.8,4407.0,11157.4,400.6
1786589506.153326,5162.6,1587.8,4507.2,11257.6,400.6
1786589506.252979,5162.6,1587.8,4507.2,11257.6,400.6
1786589506.352939,5162.6,1587.8,4507.2,11257.6,400.6
1786589506.452945,5162.6,1587.8,4407.0,11157.4,400.6
1786589506.553020,5162.6,1587.8,4407.0,11157.4,400.6
1786589506.652925,5162.6,1587.8,4407.0,11157.4,400.6
1786589506.752938,5162.6,1587.8,4407.0,11157.4,400.6
1786589506.853101,5162.6,1587.8,4407.0,11157.4,400.6
1786589506.952965,5162.6,1587.8,4407.0,11157.4,400.6
1786589507.053070,5162.6,1587.8,4407.0,11157.4,400.6
1786589507.153029,5162.6,1587.8,4407.0,11157.4,400.6
1786589507.253027,5162.6,1587.8,4407.0,11157.4,400.6
1786589507.352991,5162.6,1587.8,4407.0,11157.4,400.6
1786589507.452963,5162.6,1587.8,4407.0,11157.4,400.6
1786589507.552925,5162.6,1587.8,4407.0,11157.4,400.6
1786589507.652923,5162.6,1587.8,4407.0,11157.4,400.6
1786589507.753154,5162.6,1587.8,4507.2,11257.6,400.6
1786589507.853092,5162.6,1984.8,4507.2,11654.6,500.8
1786589507.953346,5162.6,1984.8,4607.4,11754.7,601.0
1786589508.053208,5162.6,2381.8,4607.4,12151.7,601.0
1786589508.153301,5162.6,2381.8,4707.5,12251.8,601.0
1786589508.252915,5164.6,1984.8,4607.4,11756.8,500.8
1786589508.352917,5164.6,1984.8,4607.4,11756.8,500.8
1786589508.452935,5164.6,1984.8,4507.2,11656.6,500.8
1786589508.552911,5162.6,1587.8,4507.2,11257.6,400.6
1786589508.652962,5162.6,1587.8,4507.2,11257.6,400.6
1786589508.752965,5162.6,1587.8,4507.2,11257.6,400.6
1786589508.853148,5162.6,1587.8,4507.2,11257.6,400.6
1786589508.952963,5162.6,1587.8,4507.2,11257.6,400.6
1786589509.052937,5162.6,1587.8,4407.0,11157.4,400.6
1786589509.152929,5162.6,1587.8,4407.0,11157.4,400.6
1786589509.253170,5162.6,1587.8,4507.2,11257.6,400.6
1786589509.352971,5162.6,1587.8,4407.0,11157.4,400.6
1786589509.452956,5162.6,1587.8,4407.0,11157.4,400.0
1786589509.552945,5162.6,1587.8,4407.0,11157.4,400.6
1786589509.652943,5162.6,1587.8,4407.0,11157.4,400.6
1786589509.753103,5162.6,1587.8,4407.0,11157.4,400.6
1786589509.853061,5162.6,1587.8,4407.0,11157.4,400.6
1786589509.952934,5162.6,1587.8,4407.0,11157.4,400.6
1786589510.052962,5162.6,1587.8,4407.0,11157.4,400.6
1786589510.153318,5162.6,1587.8,4507.2,11257.6,400.6
1786589510.252941,5162.6,1587.8,4507.2,11257.6,400.6
1786589510.352923,5162.6,1587.8,4407.0,11157.4,400.6
1786589510.452958,5162.6,1587.8,4407.0,11157.4,400.6
1786589510.552925,5162.6,1587.8,4407.0,11157.4,400.0
1786589510.652937,5162.6,1587.8,4407.0,11157.4,400.6
1786589510.752962,5162.6,1587.8,4407.0,11157.4,400.6
1786589510.853128,5162.6,1587.8,4407.0,11157.4,400.6
1786589510.953201,5162.6,1587.8,4507.2,11257.6,400.6
1786589511.053047,5162.6,1587.8,4507.2,11257.6,400.6
1786589511.152911,5162.6,1587.8,4507.2,11257.6,400.6
1786589511.253233,5162.6,1587.8,4507.2,11257.6,500.8
1786589511.352932,5162.6,1587.8,4507.2,11257.6,400.6
1786589511.452906,5162.6,1587.8,4507.2,11257.6,400.6
1786589511.553079,5162.6,1587.8,4507.2,11257.6,400.6
1786589511.652933,5162.6,1587.8,4507.2,11257.6,400.6
1786589511.753094,5162.6,1587.8,4407.0,11157.4,400.6
1786589511.853013,5162.6,1587.8,4407.0,11157.4,400.6
1786589511.952944,5162.6,1587.8,4407.0,11157.4,400.6
1786589512.052954,5162.6,1587.8,4407.0,11157.4,400.6
1786589512.153301,5162.6,1587.8,4507.2,11257.6,400.6
1786589512.252962,5162.6,1587.8,4507.2,11257.6,400.6
1786589512.352919,5162.6,1587.8,4407.0,11157.4,400.0
1786589512.452924,5162.6,1587.8,4407.0,11157.4,400.6
1786589512.552946,5162.6,1587.8,4407.0,11157.4,400.6
1786589512.652948,5162.6,1587.8,4407.0,11157.4,400.6
1786589512.752940,5162.6,1587.8,4407.0,11157.4,400.6
1786589512.853129,5162.6,1587.8,4407.0,11157.4,400.6
1786589512.952940,5162.6,1587.8,4407.0,11157.4,400.6
1786589513.052950,5162.6,1587.8,4407.0,11157.4,400.6
1786589513.152959,5162.6,1587.8,4407.0,11157.4,400.6
1786589513.253130,5162.6,1587.8,4407.0,11157.4,400.6
1786589513.352999,5162.6,1984.8,4507.2,11654.6,500.8
1786589513.453295,5162.6,1984.8,4607.4,11754.7,601.0
1786589513.553244,5162.6,2381.8,4607.4,12151.7,601.0
1786589513.652909,5162.6,1984.8,4607.4,11754.7,500.8
1786589513.753070,5162.6,1984.8,4607.4,11754.7,500.8
1786589513.852960,5162.6,1984.8,4507.2,11654.6,500.8
1786589513.952932,5162.6,1587.8,4507.2,11257.6,400.6
1786589514.052956,5162.6,1587.8,4507.2,11257.6,400.6
1786589514.153287,5162.6,1984.8,4507.2,11654.6,500.8
1786589514.252934,5162.6,1587.8,4507.2,11257.6,400.6
1786589514.352931,5162.6,1587.8,4507.2,11257.6,400.6
1786589514.452952,5162.6,1587.8,4507.2,11257.6,400.6
1786589514.552930,5162.6,1587.8,4407.0,11157.4,400.6
1786589514.652939,5162.6,1587.8,4407.0,11157.4,400.6
1786589514.752976,5162.6,1587.8,4407.0,11157.4,400.6
1786589514.853138,5162.6,1587.8,4407.0,11157.4,400.6
1786589514.952997,5162.6,1587.8,4407.0,11157.4,400.0
1786589515.052959,5162.6,1587.8,4407.0,11157.4,400.6
1786589515.152922,5162.6,1587.8,4407.0,11157.4,400.6
1786589515.253012,5162.6,1587.8,4407.0,11157.4,400.6
1786589515.352964,5162.6,1587.8,4407.0,11157.4,400.6
1786589515.452977,5164.6,1190.9,4407.0,10762.6,400.6
1786589515.552964,5162.6,1190.9,4407.0,10760.5,400.6
1786589515.652940,5164.6,1190.9,4407.0,10762.6,400.6
1786589515.753177,5164.6,1587.8,4407.0,11159.5,400.6
1786589515.852998,5164.6,1587.8,4407.0,11159.5,400.0
1786589515.952956,5164.6,1587.8,4407.0,11159.5,400.0
1786589516.052951,5164.6,1587.8,4407.0,11159.5,400.6
1786589516.153265,5162.6,1587.8,4507.2,11257.6,400.6
1786589516.252969,5164.6,1587.8,4507.2,11259.7,400.6
1786589516.353220,5164.6,1587.8,4407.0,11159.5,400.6
1786589516.452970,5164.6,1587.8,4407.0,11159.5,400.6
1786589516.552950,5164.6,1587.8,4407.0,11159.5,400.6
1786589516.652927,5164.6,1587.8,4407.0,11159.5,400.0
1786589516.752964,5162.6,1587.8,4407.0,11157.4,400.6
1786589516.853110,5162.6,1587.8,4407.0,11157.4,400.6
1786589516.952970,5162.6,1587.8,4407.0,11157.4,400.6
1786589517.053184,5162.6,1587.8,4507.2,11257.6,500.8
1786589517.153100,5162.6,1984.8,4607.4,11754.7,500.8
1786589517.253271,5162.6,2381.8,4707.5,12251.8,601.0
1786589517.352939,5164.6,1984.8,4607.4,11756.8,601.0
1786589517.452924,5162.6,1984.8,4607.4,11754.7,500.8
1786589517.552886,5162.6,1984.8,4507.2,11654.6,500.8
1786589517.652885,5162.6,1587.8,4507.2,11257.6,400.6
1786589517.753087,5162.6,1587.8,4507.2,11257.6,400.6
1786589517.853016,5162.6,1587.8,4507.2,11257.6,400.6
1786589517.952977,5162.6,1587.8,4407.0,11157.4,400.6
1786589518.053049,5162.6,1587.8,4407.0,11157.4,400.6
1786589518.153285,5162.6,1587.8,4507.2,11257.6,500.8
1786589518.253069,5162.6,1587.8,4507.2,11257.6,400.6
1786589518.352915,5162.6,1587.8,4507.2,11257.6,400.6
1786589518.452932,5162.6,1587.8,4407.0,11157.4,400.6
1786589518.552895,5162.6,1587.8,4407.0,11157.4,400.6
1786589518.652889,5162.6,1587.8,4407.0,11157.4,400.6
1786589518.753103,5162.6,1587.8,4507.2,11257.6,400.6
1786589518.853173,5162.6,1984.8,4507.2,11654.6,500.8
1786589518.953277,5162.6,2381.8,4607.4,12151.7,601.0
1786589519.053213,5162.6,2381.8,4607.4,12151.7,601.0
1786589519.152945,5162.6,1984.8,4607.4,11754.7,500.8
1786589519.253041,5162.6,1984.8,4607.4,11754.7,500.8
1786589519.352970,5162.6,1984.8,4507.2,11654.6,500.8
1786589519.452934,5162.6,1587.8,4507.2,11257.6,400.6
1786589519.552911,5162.6,1587.8,4507.2,11257.6,400.6
1786589519.652931,5162.6,1587.8,4507.2,11257.6,400.6
1786589519.753068,5162.6,1587.8,4407.0,11157.4,400.0
1786589519.853048,5162.6,1587.8,4407.0,11157.4,400.6
1786589519.952958,5162.6,1587.8,4407.0,11157.4,400.6
1786589520.052945,5162.6,1587.8,4407.0,11157.4,400.6
1786589520.153294,5162.6,1587.8,4507.2,11257.6,400.6
1786589520.253119,5162.6,1587.8,4507.2,11257.6,400.6
1786589520.352928,5162.6,1587.8,4507.2,11257.6,400.0
1786589520.452914,5162.6,1587.8,4507.2,11257.6,400.6
1786589520.552946,5162.6,1587.8,4407.0,11157.4,400.6
1786589520.652952,5164.6,1587.8,4407.0,11159.5,400.6
1786589520.752954,5162.6,1587.8,4407.0,11157.4,400.6
1786589520.853069,5162.6,1587.8,4407.0,11157.4,400.6
1786589520.952962,5162.6,1587.8,4407.0,11157.4,400.6
1786589521.052955,5162.6,1587.8,4407.0,11157.4,400.6
1786589521.152935,5162.6,1587.8,4407.0,11157.4,400.6
1786589521.253265,5162.6,1587.8,4407.0,11157.4,400.6
1786589521.353004,5162.6,1587.8,4407.0,11157.4,400.6
1786589521.452954,5162.6,1587.8,4407.0,11157.4,400.6
1786589521.552944,5162.6,1587.8,4407.0,11157.4,400.6
1786589521.652913,5162.6,1587.8,4407.0,11157.4,400.6
1786589521.753078,5162.6,1587.8,4407.0,11157.4,400.6
1786589521.852956,5162.6,1587.8,4407.0,11157.4,400.6
1786589521.952929,5162.6,1587.8,4407.0,11157.4,400.6
1786589522.052959,5162.6,1587.8,4407.0,11157.4,400.6
1786589522.153304,5162.6,1587.8,4507.2,11257.6,400.6
1786589522.252994,5162.6,1587.8,4407.0,11157.4,400.6
1786589522.352962,5162.6,1587.8,4407.0,11157.4,400.6
1786589522.452964,5162.6,1587.8,4407.0,11157.4,400.6
1786589522.553164,5162.6,1587.8,4407.0,11157.4,400.6
1786589522.652901,5162.6,1587.8,4407.0,11157.4,400.6
1786589522.752981,5162.6,1587.8,4407.0,11157.4,400.6
1786589522.853039,5162.6,1587.8,4407.0,11157.4,400.6
1786589522.952919,5162.6,1587.8,4407.0,11157.4,400.0
1786589523.053015,5162.6,1587.8,4407.0,11157.4,400.6
1786589523.152962,5164.6,1587.8,4407.0,11159.5,400.6
1786589523.253026,5164.6,1587.8,4407.0,11159.5,400.6
1786589523.352955,5164.6,1587.8,4407.0,11159.5,400.6
1786589523.452927,5164.6,1588.5,4407.0,11160.2,400.6
1786589523.552891,5164.6,1588.5,4407.0,11160.2,400.6
1786589523.652913,5164.6,1588.5,4407.0,11160.2,400.6
1786589523.753066,5164.6,1588.5,4407.0,11160.2,400.0
1786589523.852926,5164.6,1191.4,4407.0,10763.0,400.6
1786589523.952949,5164.6,1191.4,4407.0,10763.0,400.6
1786589524.052974,5164.6,1191.4,4407.0,10763.0,400.6
1786589524.153314,5162.6,1587.8,4507.2,11257.6,400.6
1786589524.253205,5164.6,1587.8,4507.2,11259.7,500.8
1786589524.353172,5164.6,1984.8,4607.4,11756.8,500.8
1786589524.453334,5162.6,2381.8,4607.4,12151.7,601.0
1786589524.553194,5164.6,2381.8,4707.5,12253.9,601.0
1786589524.652918,5164.6,1984.8,4607.4,11756.8,601.0
1786589524.752921,5164.6,1984.8,4607.4,11756.8,500.8
1786589524.853042,5164.6,1984.8,4507.2,11656.6,500.8
1786589524.952940,5164.6,1587.8,4507.2,11259.7,500.8
1786589525.053107,5162.6,1984.8,4607.4,11754.7,500.8
1786589525.153026,5162.6,2381.8,4607.4,12151.7,601.0
1786589525.253373,5162.6,2381.8,4707.5,12251.8,601.0
1786589525.352996,5164.6,2381.8,4607.4,12153.8,601.0
1786589525.452938,5164.6,1984.8,4607.4,11756.8,500.8
1786589525.552928,5162.6,1984.8,4507.2,11654.6,500.8
1786589525.652893,5162.6,1587.8,4507.2,11257.6,500.8
1786589525.753052,5162.6,1587.8,4507.2,11257.6,400.6
1786589525.852933,5164.6,1587.8,4507.2,11259.7,400.6
1786589525.952944,5164.6,1587.8,4507.2,11259.7,400.6
1786589526.052951,5164.6,1587.8,4407.0,11159.5,400.6
1786589526.153298,5162.6,1587.8,4507.2,11257.6,400.6
1786589526.252953,5162.6,1587.8,4507.2,11257.6,400.6
1786589526.352933,5162.6,1587.8,4507.2,11257.6,400.6
1786589526.452913,5162.6,1587.8,4407.0,11157.4,400.0
1786589526.552907,5162.6,1587.8,4407.0,11157.4,400.0
1786589526.652930,5162.6,1587.8,4407.0,11157.4,400.6
1786589526.753153,5162.6,1587.8,4407.0,11157.4,400.6
1786589526.853036,5162.6,1587.8,4407.0,11157.4,400.6
1786589526.952932,5162.6,1587.8,4407.0,11157.4,400.6
1786589527.052907,5162.6,1587.8,4407.0,11157.4,400.6
1786589527.152927,5162.6,1587.8,4407.0,11157.4,400.0
1786589527.253008,5162.6,1587.8,4407.0,11157.4,400.6
1786589527.353055,5162.6,1587.8,4407.0,11157.4,400.6
1786589527.452950,5164.6,1587.8,4407.0,11159.5,400.6
1786589527.552942,5164.6,1587.8,4407.0,11159.5,400.6
1786589527.652933,5162.6,1587.8,4407.0,11157.4,400.6
1786589527.753067,5162.6,1587.8,4407.0,11157.4,400.6
1786589527.852944,5162.6,1190.9,4407.0,10760.5,400.6
1786589527.952943,5162.6,1190.9,4407.0,10760.5,400.0
1786589528.052951,5162.6,1190.9,4407.0,10760.5,400.6
1786589528.153332,5162.6,1587.8,4407.0,11157.4,400.6
1786589528.252995,5162.6,1587.8,4407.0,11157.4,400.6
1786589528.352945,5162.6,1587.8,4407.0,11157.4,400.6
1786589528.452946,5162.6,1587.8,4407.0,11157.4,400.6
1786589528.552997,5162.6,1587.8,4407.0,11157.4,400.0
1786589528.652955,5162.6,1587.8,4407.0,11157.4,400.6
1786589528.752958,5162.6,1587.8,4407.0,11157.4,400.6
1786589528.853090,5162.6,1587.8,4407.0,11157.4,400.6
1786589528.952956,5162.6,1587.8,4407.0,11157.4,400.6
1786589529.053125,5162.6,1587.8,4407.0,11157.4,400.6
1786589529.152957,5162.6,1587.8,4407.0,11157.4,400.6
1786589529.252944,5162.6,1587.8,4407.0,11157.4,400.6
1786589529.353115,5162.6,1587.8,4407.0,11157.4,400.6
1786589529.452945,5162.6,1587.8,4407.0,11157.4,400.6
1786589529.552944,5162.6,1587.8,4407.0,11157.4,400.6
1786589529.652940,5162.6,1587.8,4407.0,11157.4,400.6
1786589529.753151,5162.6,1587.8,4407.0,11157.4,400.6
1786589529.853018,5162.6,1984.8,4507.2,11654.6,500.8
1786589529.953275,5162.6,1984.8,4607.4,11754.7,601.0
1786589530.053176,5162.6,2381.8,4607.4,12151.7,601.0
1786589530.153294,5162.6,2381.8,4607.4,12151.7,601.0
1786589530.252946,5162.6,1984.8,4607.4,11754.7,500.8
1786589530.352945,5162.6,1984.8,4507.2,11654.6,500.8
1786589530.452934,5162.6,1984.8,4507.2,11654.6,500.8
1786589530.553000,5162.6,1587.8,4507.2,11257.6,500.8
1786589530.652972,5162.6,1587.8,4507.2,11257.6,400.6
1786589530.752985,5162.6,1587.8,4507.2,11257.6,400.0
1786589530.853073,5162.6,1587.8,4407.0,11157.4,400.6
1786589530.952946,5162.6,1587.8,4407.0,11157.4,400.6
1786589531.053222,5162.6,1587.8,4507.2,11257.6,500.8
1786589531.152954,5162.6,1587.8,4507.2,11257.6,400.0
1786589531.253170,5162.6,1587.8,4507.2,11257.6,500.8
1786589531.353206,5162.6,1587.8,4507.2,11257.6,500.8
1786589531.452926,5162.6,1587.8,4507.2,11257.6,400.6
1786589531.552928,5162.6,1587.8,4507.2,11257.6,400.6
1786589531.652913,5162.6,1587.8,4507.2,11257.6,400.6
1786589531.753012,5162.6,1587.8,4407.0,11157.4,400.6
1786589531.852940,5162.6,1587.8,4407.0,11157.4,400.6
1786589531.952956,5162.6,1587.8,4407.0,11157.4,400.6
1786589532.052937,5162.6,1587.8,4407.0,11157.4,400.0
1786589532.153288,5162.6,1587.8,4507.2,11257.6,400.6
1786589532.252976,5162.6,1587.8,4507.2,11257.6,400.6
1786589532.353004,5162.6,1587.8,4407.0,11157.4,400.0
1786589532.452973,5162.6,1587.8,4407.0,11157.4,400.6
1786589532.552953,5162.6,1587.8,4407.0,11157.4,400.0
1786589532.652951,5162.6,1587.8,4407.0,11157.4,400.0
1786589532.752944,5162.6,1587.8,4407.0,11157.4,400.6
1786589532.853066,5162.6,1587.8,4407.0,11157.4,400.6
1786589532.952968,5162.6,1587.8,4407.0,11157.4,400.6
1786589533.052942,5162.6,1587.8,4407.0,11157.4,400.6
1786589533.152940,5162.6,1190.9,4407.0,10760.5,400.6
1786589533.252954,5162.6,1190.9,4407.0,10760.5,400.6
1786589533.353086,5162.6,1190.9,4407.0,10760.5,400.6
1786589533.452968,5162.6,1190.9,4407.0,10760.5,400.6
1786589533.553121,5162.6,1587.8,4407.0,11157.4,400.0
1786589533.652927,5162.6,1587.8,4407.0,11157.4,400.6
1786589533.753031,5162.6,1587.8,4407.0,11157.4,400.6
1786589533.852938,5162.6,1587.8,4407.0,11157.4,400.6
1786589533.952941,5162.6,1587.8,4407.0,11157.4,400.6
1786589534.052958,5162.6,1587.8,4407.0,11157.4,400.6
1786589534.153354,5162.6,1587.8,4507.2,11257.6,400.6
1786589534.253001,5162.6,1587.8,4507.2,11257.6,400.6
1786589534.353009,5162.6,1587.8,4407.0,11157.4,400.0
1786589534.452959,5162.6,1587.8,4407.0,11157.4,400.6
1786589534.552955,5162.6,1587.8,4407.0,11157.4,400.6
1786589534.652943,5162.6,1587.8,4407.0,11157.4,400.6
1786589534.752937,5162.6,1587.8,4407.0,11157.4,400.6
1786589534.853106,5162.6,1587.8,4407.0,11157.4,400.6
1786589534.952950,5162.6,1587.8,4407.0,11157.4,400.6
1786589535.052945,5162.6,1587.8,4407.0,11157.4,400.0
1786589535.152947,5162.6,1587.8,4407.0,11157.4,400.0
1786589535.253141,5162.6,1587.8,4507.2,11257.6,400.6
1786589535.353319,5162.6,1984.8,4507.2,11654.6,500.8
1786589535.453414,5162.6,1984.8,4607.4,11754.7,601.0
1786589535.553229,5162.6,2381.8,4707.5,12251.8,601.0
1786589535.652963,5162.6,1984.8,4607.4,11754.7,500.8
1786589535.753053,5162.6,1984.8,4607.4,11754.7,500.8
1786589535.852912,5164.6,1984.8,4507.2,11656.6,500.8
1786589535.952956,5164.6,1587.8,4507.2,11259.7,400.6
1786589536.052948,5164.6,1587.8,4507.2,11259.7,400.6
1786589536.153297,5162.6,1984.8,4507.2,11654.6,500.8
1786589536.252962,5164.6,1587.8,4507.2,11259.7,500.8
1786589536.352990,5164.6,1587.8,4507.2,11259.7,400.6
1786589536.452971,5164.6,1587.8,4507.2,11259.7,400.6
1786589536.552968,5164.6,1587.8,4507.2,11259.7,400.0
1786589536.652953,5162.6,1587.8,4407.0,11157.4,400.6
1786589536.752945,5162.6,1587.8,4407.0,11157.4,400.6
1786589536.853100,5162.6,1587.8,4407.0,11157.4,400.0
1786589536.952998,5162.6,1587.8,4407.0,11157.4,400.0
1786589537.052946,5162.6,1587.8,4407.0,11157.4,400.6
1786589537.152950,5162.6,1587.8,4407.0,11157.4,400.6
1786589537.253042,5162.6,1587.8,4407.0,11157.4,400.6
1786589537.353081,5164.6,1587.8,4407.0,11159.5,400.6
1786589537.452942,5164.6,1587.8,4407.0,11159.5,400.6
1786589537.552911,5162.6,1587.8,4407.0,11157.4,400.6
1786589537.652896,5162.6,1190.9,4407.0,10760.5,400.6
1786589537.753246,5162.6,1587.8,4507.2,11257.6,400.6
1786589537.852935,5162.6,1587.8,4407.0,11157.4,400.6
1786589537.952904,5162.6,1587.8,4407.0,11157.4,400.6
1786589538.052915,5162.6,1587.8,4407.0,11157.4,400.6
1786589538.153370,5162.6,1587.8,4507.2,11257.6,500.8
1786589538.253000,5162.6,1587.8,4507.2,11257.6,400.6
1786589538.353020,5162.6,1587.8,4507.2,11257.6,400.6
1786589538.452978,5162.6,1587.8,4407.0,11157.4,400.6
1786589538.552973,5162.6,1587.8,4407.0,11157.4,400.6
1786589538.652949,5162.6,1587.8,4407.0,11157.4,400.6
1786589538.752939,5162.6,1587.8,4407.0,11157.4,400.6
1786589538.853098,5162.6,1587.8,4407.0,11157.4,400.6
1786589538.952942,5162.6,1587.8,4407.0,11157.4,400.6
1786589539.052940,5162.6,1587.8,4407.0,11157.4,400.6
1786589539.152962,5162.6,1587.8,4407.0,11157.4,400.6
1786589539.253007,5162.6,1190.9,4407.0,10760.5,400.6
1786589539.353099,5162.6,1587.8,4407.0,11157.4,400.6
1786589539.452969,5162.6,1190.9,4407.0,10760.5,400.6
1786589539.552937,5162.6,1190.9,4407.0,10760.5,400.6
1786589539.652938,5162.6,1190.9,4407.0,10760.5,400.6
1786589539.753041,5162.6,1190.9,4407.0,10760.5,400.6
1786589539.852956,5162.6,1190.9,4407.0,10760.5,400.6
1786589539.952973,5162.6,1190.9,4407.0,10760.5,400.6
1786589540.053145,5162.6,1587.8,4407.0,11157.4,400.6
1786589540.153343,5162.6,1587.8,4507.2,11257.6,500.8
1786589540.253176,5162.6,1587.8,4507.2,11257.6,500.8
1786589540.353278,5162.6,1984.8,4607.4,11754.7,500.8
1786589540.453078,5162.6,1984.8,4607.4,11754.7,500.8
1786589540.552982,5162.6,1984.8,4507.2,11654.6,500.8
1786589540.653276,5162.6,1984.8,4607.4,11754.7,500.8
1786589540.753205,5162.6,2381.8,4707.5,12251.8,601.0
1786589540.853298,5162.6,2778.7,4807.7,12749.0,701.1
1786589540.953527,5162.6,3175.7,4807.7,13145.9,801.3
1786589541.053224,5162.6,3175.7,4907.8,13246.1,801.3
1786589541.152980,5162.6,3175.7,4907.8,13246.1,801.3
1786589541.253027,5162.6,3175.7,4907.8,13246.1,801.3
1786589541.353342,5162.6,3175.7,4907.8,13246.1,801.3
1786589541.453013,5162.6,2778.7,4907.8,12849.1,801.3
1786589541.552974,5162.6,2778.7,4907.8,12849.1,801.3
1786589541.652960,5162.6,2778.7,4907.8,12849.1,801.3
1786589541.753180,5162.6,2778.7,4907.8,12849.1,801.3
1786589541.853044,5162.6,2778.7,4907.8,12849.1,801.3
1786589541.952971,5162.6,2778.7,4907.8,12849.1,701.1
1786589542.052964,5162.6,2778.7,4907.8,12849.1,701.1
1786589542.153390,5162.6,3175.7,4907.8,13246.1,801.3
1786589542.253318,5162.6,3175.7,4907.8,13246.1,801.3
1786589542.353161,5162.6,3175.7,4807.7,13145.9,701.1
1786589542.453012,5559.7,3175.7,5208.3,13943.7,1001.6
1786589542.552972,6353.9,3175.7,5508.8,15038.4,1302.1
1786589542.653054,6751.0,3175.7,5809.3,15736.0,1402.2
1786589542.752971,6751.0,3175.7,6009.6,15936.3,1602.6
1786589542.853250,7148.2,3175.7,6109.8,16433.6,1702.7
1786589542.952978,6753.8,3175.7,5909.4,15838.9,1402.2
1786589543.053098,6356.5,2778.7,5709.1,14844.3,1302.1
1786589543.153112,6356.5,2778.7,5609.0,14744.2,1201.9
1786589543.253044,5959.2,2778.7,5508.8,14246.7,1201.9
1786589543.353284,5959.2,2778.7,5308.5,14046.4,1001.6
1786589543.453292,6353.9,2778.7,5508.8,14641.4,1201.9
1786589543.553192,9130.1,2777.6,6009.6,17917.3,1600.0
1786589543.653028,8339.5,2778.7,5809.3,16927.5,1402.2
1786589543.753240,7548.3,2778.7,5609.0,15936.0,1201.9
1786589543.853050,7151.0,2778.7,5408.6,15338.4,1101.8
1786589543.953034,6753.8,2778.7,5308.5,14841.0,1001.6
1786589544.052955,6353.9,2778.7,5208.3,14341.0,901.4
1786589544.153371,6353.9,2778.7,5208.3,14341.0,901.4
1786589544.253054,5956.8,2778.7,5208.3,13943.8,901.4
1786589544.353136,5956.8,2778.7,5108.2,13843.7,901.4
1786589544.453016,5559.7,2778.7,5108.2,13446.6,801.3
1786589544.553181,5559.7,2778.7,5008.0,13346.4,801.3
1786589544.652976,5561.9,2778.7,5008.0,13348.6,801.3
1786589544.753091,5561.9,2778.7,5008.0,13348.6,801.3
1786589544.853211,5561.9,2778.7,5008.0,13348.6,801.3
1786589544.953023,5956.8,2778.7,5308.5,14044.0,1001.6
1786589545.053024,5956.8,2778.7,5308.5,14044.0,1101.8
1786589545.152961,5956.8,2778.7,5308.5,14044.0,1101.8
1786589545.252986,6751.0,2778.7,5408.6,14938.4,1201.9
1786589545.353155,13089.1,2378.9,5809.3,21277.3,1502.4
1786589545.453147,18245.4,2379.8,6209.9,26835.2,1700.0
1786589545.552972,22220.8,1983.2,6410.2,30614.2,1800.0
1786589545.652957,25395.2,1983.2,6610.6,33989.0,2000.0
1786589545.753127,27776.0,1983.2,6810.9,36570.1,2000.0
1786589545.852956,29760.0,1586.6,6911.0,38257.6,2100.0
1786589545.952958,30950.4,1587.2,7011.2,39548.8,2200.0
1786589546.052957,32537.6,1587.2,7111.4,41236.2,2200.0
1786589546.153360,33331.2,1984.0,7211.5,42526.7,2200.0
1786589546.253303,34124.8,1984.0,7311.7,43420.5,2300.0
1786589546.353249,34918.4,1984.0,7311.7,44214.1,2300.0
1786589546.453176,35315.2,2380.8,7411.8,45107.8,2300.0
1786589546.553361,35712.0,2380.8,7411.8,45504.6,2400.0
1786589546.652996,36108.8,2380.8,7411.8,45901.4,2300.0
1786589546.752922,36505.6,1984.0,7411.8,45901.4,2300.0
1786589546.853005,36505.6,1984.0,7411.8,45901.4,2300.0
1786589546.952955,36902.4,1984.0,7411.8,46298.2,2300.0
1786589547.052918,36902.4,1587.2,7411.8,45901.4,2300.0
1786589547.152991,36902.4,1587.2,7411.8,45901.4,2300.0
1786589547.252955,37299.2,1587.2,7411.8,46298.2,2300.0
1786589547.353113,37299.2,1587.2,7411.8,46298.2,2300.0
1786589547.453045,37314.2,1587.2,7411.8,46313.3,2300.0
1786589547.552948,37314.2,1587.2,7411.8,46313.3,2300.0
1786589547.652939,37299.2,1587.2,7411.8,46298.2,2300.0
1786589547.753073,37696.0,1587.2,7411.8,46695.0,2300.0
1786589547.852958,37696.0,1587.2,7411.8,46695.0,2300.0
1786589547.952987,37696.0,1587.2,7411.8,46695.0,2300.0
1786589548.052947,37696.0,1587.2,7411.8,46695.0,2300.0
1786589548.153336,37696.0,1587.2,7512.0,46795.2,2300.0
1786589548.252939,37696.0,1587.2,7512.0,46795.2,2300.0
1786589548.353004,37711.2,1587.2,7512.0,46810.4,2300.0
1786589548.452956,38092.8,1587.2,7512.0,47192.0,2300.0
1786589548.552939,38092.8,1587.2,7512.0,47192.0,2300.0
1786589548.653091,38092.8,1587.2,7512.0,47192.0,2300.0
1786589548.753183,38092.8,1587.2,7512.0,47192.0,2300.0
1786589548.853181,38092.8,1587.2,7512.0,47192.0,2300.0
1786589548.952951,38092.8,1587.2,7512.0,47192.0,2300.0
1786589549.052912,38092.8,1587.2,7512.0,47192.0,2300.0
1786589549.153063,38092.8,1587.2,7411.8,47091.8,2300.0
1786589549.252959,38092.8,1587.2,7411.8,47091.8,2300.0
1786589549.353205,38092.8,1587.2,7411.8,47091.8,2300.0
1786589549.452946,38092.8,1587.2,7411.8,47091.8,2300.0
1786589549.552940,38489.6,1587.2,7411.8,47488.6,2300.0
1786589549.652966,38489.6,1587.2,7411.8,47488.6,2300.0
1786589549.753079,38489.6,1587.2,7411.8,47488.6,2300.0
1786589549.852973,38489.6,1587.2,7411.8,47488.6,2300.0
1786589549.953004,38489.6,1587.2,7411.8,47488.6,2300.0
1786589550.052949,38505.1,1587.2,7411.8,47504.2,2300.0
1786589550.153441,38489.6,1587.2,7512.0,47588.8,2300.0
1786589550.253001,38505.1,1587.2,7512.0,47604.3,2300.0
1786589550.353017,38505.1,1587.2,7512.0,47604.3,2300.0
1786589550.452971,38505.1,1587.2,7512.0,47604.3,2300.0
1786589550.552968,38505.1,1587.2,7512.0,47604.3,2300.0
1786589550.652930,38505.1,1587.2,7512.0,47604.3,2300.0
1786589550.752952,38902.1,1587.2,7512.0,48001.3,2300.0
1786589550.853133,38886.4,1587.2,7512.0,47985.6,2300.0
1786589550.953186,38902.1,1587.2,7512.0,48001.3,2300.0
1786589551.053411,38886.4,1587.2,7512.0,47985.6,2300.0
1786589551.153235,38886.4,1587.2,7512.0,47985.6,2300.0
1786589551.252935,38886.4,1587.2,7512.0,47985.6,2300.0
1786589551.353147,38886.4,1984.0,7512.0,48382.4,2300.0
1786589551.452972,38886.4,1587.2,7512.0,47985.6,2300.0
1786589551.552927,38886.4,1587.2,7512.0,47985.6,2300.0
1786589551.652886,38886.4,1587.2,7512.0,47985.6,2300.0
1786589551.753161,38886.4,1984.0,7512.0,48382.4,2300.0
1786589551.852966,39283.2,1984.0,7512.0,48779.2,2300.0
1786589551.953357,39283.2,2380.8,7512.0,49176.0,2400.0
1786589552.053175,39299.0,2380.8,7512.0,49191.8,2300.0
1786589552.153308,39283.2,2380.8,7512.0,49176.0,2300.0
1786589552.252994,39299.0,2380.8,7512.0,49191.8,2300.0
1786589552.353056,39299.0,1984.0,7512.0,48795.0,2300.0
1786589552.453006,39299.0,1984.0,7512.0,48795.0,2300.0
1786589552.552974,39283.2,1984.0,7512.0,48779.2,2300.0
1786589552.652938,39283.2,1984.0,7512.0,48779.2,2300.0
1786589552.752954,39283.2,1587.2,7512.0,48382.4,2300.0
1786589552.853240,39283.2,1587.2,7512.0,48382.4,2300.0
1786589552.952958,39283.2,1587.2,7512.0,48382.4,2300.0
1786589553.052957,39283.2,1587.2,7512.0,48382.4,2300.0
1786589553.153793,39283.2,1587.2,7512.0,48382.4,2300.0
1786589553.253182,39283.2,1587.2,7512.0,48382.4,2300.0
1786589553.353210,39299.0,1587.2,7512.0,48398.2,2300.0
1786589553.452945,39299.0,1587.2,7512.0,48398.2,2300.0
1786589553.552938,39696.0,1587.2,7512.0,48795.2,2300.0
1786589553.652902,39696.0,1587.2,7512.0,48795.2,2300.0
1786589553.753056,39696.0,1587.2,7512.0,48795.2,2300.0
1786589553.852950,39696.0,1587.2,7512.0,48795.2,2300.0
1786589553.952948,39696.0,1587.2,7512.0,48795.2,2300.0
1786589554.052973,39696.0,1587.2,7512.0,48795.2,2300.0
1786589554.153386,39696.0,1587.2,7512.0,48795.2,2300.0
1786589554.252967,39696.0,1587.2,7512.0,48795.2,2300.0
1786589554.352988,39696.0,1587.8,7512.0,48795.8,2300.0
1786589554.452997,39696.0,1587.8,7512.0,48795.8,2300.0
1786589554.552937,39696.0,1587.8,7512.0,48795.8,2300.0
1786589554.652939,39696.0,1587.8,7512.0,48795.8,2300.0
1786589554.752945,39696.0,1587.2,7512.0,48795.2,2300.0
1786589554.853100,39696.0,1587.8,7512.0,48795.8,2300.0
1786589554.952955,39696.0,1587.8,7512.0,48795.8,2300.0
1786589555.052967,39696.0,1587.2,7512.0,48795.2,2300.0
1786589555.152937,40093.0,1587.2,7512.0,49192.2,2300.0
1786589555.252969,40093.0,1587.2,7512.0,49192.2,2300.0
1786589555.353121,40093.0,1587.2,7512.0,49192.2,2300.0
1786589555.453003,40076.8,1587.2,7512.0,49176.0,2300.0
1786589555.553195,40076.8,1587.2,7512.0,49176.0,2300.0
1786589555.652954,40076.8,1587.2,7512.0,49176.0,2300.0
1786589555.753045,40076.8,1587.2,7512.0,49176.0,2300.0
1786589555.852959,40076.8,1587.2,7512.0,49176.0,2300.0
1786589555.952926,40076.8,1587.2,7512.0,49176.0,2300.0
1786589556.052966,40076.8,1587.2,7512.0,49176.0,2300.0
1786589556.153315,40076.8,1587.2,7512.0,49176.0,2300.0
1786589556.252966,40076.8,1587.2,7512.0,49176.0,2300.0
1786589556.352992,40093.0,1587.2,7512.0,49192.2,2300.0
1786589556.452925,40093.0,1587.2,7512.0,49192.2,2300.0
1786589556.552913,40093.0,1587.2,7512.0,49192.2,2300.0
1786589556.652954,40093.0,1587.2,7512.0,49192.2,2300.0
1786589556.752965,40076.8,1587.2,7512.0,49176.0,2300.0
1786589556.853112,40473.6,1587.2,7512.0,49572.8,2300.0
1786589556.952978,40473.6,1587.2,7512.0,49572.8,2300.0
1786589557.052960,40473.6,1587.2,7512.0,49572.8,2300.0
1786589557.152930,40473.6,1587.2,7512.0,49572.8,2300.0
1786589557.253187,40473.6,1587.2,7512.0,49572.8,2300.0
1786589557.353305,40473.6,1984.0,7512.0,49969.6,2300.0
1786589557.453625,40473.6,2380.8,7612.2,50466.6,2400.0
1786589557.553202,40473.6,2380.8,7612.2,50466.6,2400.0
1786589557.652937,40473.6,2380.8,7612.2,50466.6,2400.0
1786589557.753038,40473.6,1984.0,7612.2,50069.8,2300.0
1786589557.852938,40473.6,1984.0,7612.2,50069.8,2300.0
1786589557.952940,40473.6,1984.0,7512.0,49969.6,2300.0
1786589558.052951,40473.6,1984.0,7512.0,49969.6,2300.0
1786589558.153314,40473.6,1984.0,7512.0,49969.6,2300.0
1786589558.252929,40473.6,1984.0,7512.0,49969.6,2300.0
1786589558.352942,40473.6,1587.2,7512.0,49572.8,2300.0
1786589558.452966,40473.6,1587.2,7512.0,49572.8,2300.0
1786589558.552970,40473.6,1587.2,7512.0,49572.8,2300.0
1786589558.652948,40473.6,1587.2,7512.0,49572.8,2300.0
1786589558.752947,40489.9,1587.2,7512.0,49589.1,2300.0
1786589558.853093,40870.4,1587.2,7512.0,49969.6,2300.0
1786589558.952941,40473.6,1587.2,7512.0,49572.8,2300.0
1786589559.052974,40870.4,1587.2,7512.0,49969.6,2300.0
1786589559.152955,40870.4,1587.2,7512.0,49969.6,2300.0
1786589559.252956,40870.4,1587.2,7512.0,49969.6,2300.0
1786589559.353101,40870.4,1587.2,7512.0,49969.6,2300.0
1786589559.452946,40870.4,1587.2,7512.0,49969.6,2300.0
1786589559.552964,40870.4,1587.2,7512.0,49969.6,2300.0
1786589559.652973,40870.4,1587.2,7512.0,49969.6,2300.0
1786589559.753229,40870.4,1587.2,7512.0,49969.6,2300.0
1786589559.853006,40870.4,1587.2,7512.0,49969.6,2300.0
1786589559.953005,40870.4,1587.2,7512.0,49969.6,2300.0
1786589560.053001,40870.4,1587.2,7512.0,49969.6,2300.0
1786589560.153387,40870.4,1587.2,7512.0,49969.6,2300.0
1786589560.253044,40870.4,1587.2,7512.0,49969.6,2300.0
1786589560.353032,40870.4,1587.2,7512.0,49969.6,2300.0
1786589560.452941,40870.4,1587.2,7512.0,49969.6,2300.0
1786589560.552923,40870.4,1587.2,7512.0,49969.6,2300.0
1786589560.652898,40870.4,1587.2,7512.0,49969.6,2300.0
1786589560.752908,40870.4,1587.2,7512.0,49969.6,2300.0
1786589560.853060,40870.4,1587.2,7512.0,49969.6,2300.0
1786589560.952971,40870.4,1587.2,7612.2,50069.8,2300.0
1786589561.052948,40870.4,1587.2,7612.2,50069.8,2400.0
1786589561.152919,40870.4,1587.2,7612.2,50069.8,2400.0
1786589561.252968,40870.4,1587.2,7612.2,50069.8,2400.0
1786589561.353381,40473.6,1587.2,7912.6,49973.4,2600.0
1786589561.453151,38902.1,1587.8,7912.6,48402.6,2600.0
1786589561.553003,37711.2,1587.8,7812.5,47111.5,2500.0
1786589561.652933,36520.3,1587.8,7712.3,45820.5,2400.0
1786589561.753071,36123.4,1587.8,7612.2,45323.4,2400.0
1786589561.852959,35329.4,1587.8,7612.2,44529.4,2400.0
1786589561.952968,35329.4,1587.8,7512.0,44429.3,2300.0
1786589562.053203,34932.5,1587.2,7512.0,44031.7,2300.0
1786589562.153314,34932.5,1984.0,7512.0,44428.5,2300.0
1786589562.252952,34932.5,1984.0,7512.0,44428.5,2300.0
1786589562.352963,34932.5,1984.0,7512.0,44428.5,2300.0
1786589562.453035,34932.5,1587.2,7512.0,44031.7,2300.0
1786589562.553202,34932.5,1984.0,7512.0,44428.5,2300.0
1786589562.653377,35329.4,2380.8,7512.0,45222.2,2300.0
1786589562.753312,35315.2,2777.6,7612.2,45705.0,2400.0
1786589562.853173,35712.0,2777.6,7612.2,46101.8,2400.0
1786589562.953322,35712.0,3174.4,7612.2,46498.6,2400.0
1786589563.053219,35726.4,2777.6,7612.2,46116.2,2400.0
1786589563.152930,36108.8,2777.6,7612.2,46498.6,2400.0
1786589563.252940,36123.4,2380.8,7612.2,46116.3,2400.0
1786589563.353188,36520.3,2380.8,7612.2,46513.3,2400.0
1786589563.452915,36520.3,1984.0,7612.2,46116.5,2400.0
1786589563.552912,36917.3,1984.0,7612.2,46513.4,2400.0
1786589563.652898,36917.3,1984.0,7612.2,46513.4,2400.0
1786589563.753080,36917.3,1984.0,7612.2,46513.4,2400.0
1786589563.853077,37314.2,1984.0,7612.2,46910.4,2400.0
1786589563.952939,37314.2,1587.2,7612.2,46513.6,2400.0
1786589564.053095,37314.2,1587.2,7612.2,46513.6,2400.0
1786589564.153326,37314.2,1984.0,7612.2,46910.4,2400.0
1786589564.253186,37711.2,1984.0,7612.2,47307.4,2400.0
1786589564.352998,37711.2,1984.0,7612.2,47307.4,2400.0
1786589564.452943,37696.0,1587.2,7612.2,46895.4,2400.0
1786589564.552928,37696.0,1587.2,7612.2,46895.4,2400.0
1786589564.652984,37696.0,1587.2,7612.2,46895.4,2400.0
1786589564.752956,38092.8,1587.2,7612.2,47292.2,2400.0
1786589564.853190,38092.8,1587.2,7612.2,47292.2,2400.0
1786589564.953001,37711.2,1587.2,8012.8,47311.2,2700.0
1786589565.053119,35329.4,1984.8,8213.1,45527.4,2900.0
1786589565.152950,32166.7,1985.6,8313.3,42465.6,2900.0
1786589565.253042,30975.4,1984.8,8613.8,41573.9,3100.0
1786589565.353260,30565.9,1984.0,8914.2,41464.2,3300.0
1786589565.453020,28989.8,1984.8,8814.1,39788.6,3200.0
1786589565.552973,27798.4,1984.8,8914.2,38697.4,3200.0
1786589565.652939,27787.2,1984.8,9014.4,38786.4,3300.0
1786589565.753164,27787.2,1984.0,9214.7,38985.9,3400.0
1786589565.853026,26607.0,1984.8,9014.4,37606.2,3200.0
1786589565.952967,26607.0,1984.8,9114.6,37706.4,3300.0
1786589566.053167,26596.3,1984.0,9314.9,37895.2,3500.0
1786589566.153411,26199.4,2381.8,9214.7,37795.8,3400.0
1786589566.253087,25415.7,2381.8,9114.6,36912.0,3300.0
1786589566.352941,25802.4,2381.8,9314.9,37499.0,3400.0
1786589566.453118,26596.3,1984.0,9415.0,37995.4,3500.0
1786589566.553176,25415.7,2381.8,9214.7,37012.2,3300.0
1786589566.652968,25415.7,2381.8,9214.7,37012.2,3400.0
1786589566.752959,25802.4,1984.0,9314.9,37101.3,3500.0
1786589566.853183,26199.4,1984.8,9314.9,37499.0,3400.0
1786589566.952961,25018.6,1984.8,9114.6,36117.9,3300.0
1786589567.052951,25415.7,1984.8,9314.9,36715.4,3400.0
1786589567.152944,26199.4,1984.0,9415.0,37598.4,3500.0
1786589567.252886,25415.7,1984.8,9214.7,36615.2,3400.0
1786589567.353280,25018.6,1984.8,9214.7,36218.1,3400.0
1786589567.452997,25802.4,1984.8,9415.0,37202.2,3500.0
1786589567.552965,25802.4,1984.8,9415.0,37202.2,3500.0
1786589567.653010,25018.6,1985.6,9214.7,36218.9,3300.0
1786589567.753243,25415.7,1984.8,9314.9,36715.4,3400.0
1786589567.853052,25802.4,1984.0,9415.0,37201.4,3500.0
1786589567.952952,25415.7,1984.8,9314.9,36715.4,3400.0
1786589568.053021,25018.6,1984.8,9214.7,36218.1,3400.0
1786589568.153403,25405.4,2380.8,9415.0,37201.3,3500.0
1786589568.253177,26199.4,2380.8,9415.0,37995.2,3500.0
1786589568.353002,25018.6,2778.7,9214.7,37012.0,3400.0
1786589568.453455,25405.4,2778.7,9314.9,37499.0,3500.0
1786589568.553183,25802.4,3174.4,9515.2,38492.0,3600.0
1786589568.652960,25802.4,2778.7,9415.0,37996.2,3500.0
1786589568.752940,25018.6,2779.8,9314.9,37113.3,3400.0
1786589568.853214,25405.4,2381.8,9415.0,37202.2,3500.0
1786589568.952985,25802.4,2380.8,9515.2,37698.4,3600.0
1786589569.052936,25018.6,2381.8,9314.9,36715.2,3400.0
1786589569.152946,25018.6,2381.8,9214.7,36615.0,3400.0
1786589569.252969,25802.4,2381.8,9415.0,37599.2,3500.0
1786589569.353266,25802.4,2381.8,9415.0,37599.2,3500.0
1786589569.453016,25018.6,2381.8,9214.7,36615.0,3300.0
1786589569.552984,25415.7,1984.8,9314.9,36715.4,3400.0
1786589569.652977,25802.4,1984.0,9415.0,37201.4,3500.0
1786589569.753187,25415.7,1984.8,9314.9,36715.4,3400.0
1786589569.853043,25018.6,1984.8,9214.7,36218.1,3400.0
1786589569.952961,25405.4,1984.0,9314.9,36704.3,3500.0
1786589570.053015,25802.4,1984.0,9415.0,37201.4,3500.0
1786589570.153304,25018.6,2381.8,9214.7,36615.0,3300.0
1786589570.253069,25415.7,2381.8,9314.9,37112.3,3400.0
1786589570.352910,25802.4,2380.8,9415.0,37598.2,3500.0
1786589570.453089,25415.7,1984.8,9314.9,36715.4,3400.0
1786589570.553253,25018.6,2381.8,9314.9,36715.2,3400.0
1786589570.653559,25405.4,2777.6,9415.0,37598.1,3500.0
1786589570.753423,26199.4,3174.4,9515.2,38889.0,3600.0
1786589570.853197,25018.6,2778.7,9314.9,37112.2,3400.0
1786589570.952952,25018.6,2778.7,9314.9,37112.2,3400.0
1786589571.052953,25802.4,2380.8,9415.0,37598.2,3500.0
1786589571.153189,25802.4,2777.6,9415.0,37995.0,3500.0
1786589571.253246,25018.6,2778.7,9214.7,37012.0,3400.0
1786589571.353135,25415.7,2381.8,9314.9,37112.3,3500.0
1786589571.453144,25802.4,2380.8,9515.2,37698.4,3600.0
1786589571.552930,25415.7,2381.8,9314.9,37112.3,3400.0
1786589571.652907,25018.6,2381.8,9214.7,36615.0,3400.0
1786589571.753159,25405.4,2380.8,9415.0,37201.3,3500.0
1786589571.853134,26199.4,2380.8,9415.0,37995.2,3500.0
1786589571.952955,25018.6,2381.8,9214.7,36615.0,3300.0
1786589572.052978,25018.6,2381.8,9314.9,36715.2,3400.0
1786589572.153390,25802.4,2380.8,9415.0,37598.2,3500.0
1786589572.253112,25802.4,2381.8,9314.9,37499.0,3400.0
1786589572.352922,25018.6,2381.8,9214.7,36615.0,3400.0
1786589572.452903,25405.4,2381.8,9314.9,37102.1,3400.0
1786589572.552915,25802.4,1984.0,9515.2,37301.6,3500.0
1786589572.652965,25018.6,1984.8,9214.7,36218.1,3400.0
1786589572.753006,25018.6,1984.8,9314.9,36318.2,3400.0
1786589572.853287,25802.4,1984.0,9415.0,37201.4,3500.0
1786589572.953050,25802.4,1984.0,9415.0,37201.4,3500.0
1786589573.053300,24621.4,1984.8,9214.7,35821.0,3300.0
1786589573.153007,25405.4,1984.8,9314.9,36705.1,3400.0
1786589573.253154,25802.4,1984.0,9415.0,37201.4,3500.0
1786589573.353223,25405.4,1984.8,9314.9,36705.1,3400.0
1786589573.453128,25018.6,1984.8,9214.7,36218.1,3400.0
1786589573.553353,25405.4,1984.0,9415.0,36804.5,3500.0
1786589573.652969,26199.4,1984.0,9415.0,37598.4,3500.0
1786589573.753199,25018.6,2381.8,9214.7,36615.0,3300.0
1786589573.853200,25405.4,2778.7,9314.9,37499.0,3400.0
1786589573.953396,25802.4,2777.6,9515.2,38095.2,3600.0
1786589574.053243,25802.4,2777.6,9415.0,37995.0,3500.0
1786589574.153334,25018.6,2778.7,9314.9,37112.2,3400.0
1786589574.253070,25405.4,2778.7,9415.0,37599.2,3500.0
1786589574.352934,25802.4,2380.8,9515.2,37698.4,3600.0
1786589574.452956,25405.4,2381.8,9314.9,37102.1,3400.0
1786589574.552969,25018.6,2381.8,9314.9,36715.2,3400.0
1786589574.653032,25405.4,2380.8,9415.0,37201.3,3500.0
1786589574.753129,25802.4,2380.8,9415.0,37598.2,3500.0
1786589574.853203,25018.6,2381.8,9214.7,36615.0,3300.0
1786589574.952963,25405.4,2381.8,9314.9,37102.1,3400.0
1786589575.052941,25802.4,1984.0,9415.0,37201.4,3500.0
1786589575.152926,25405.4,1984.0,9314.9,36704.3,3400.0
1786589575.253257,25018.6,2381.8,9214.7,36615.0,3400.0
1786589575.353152,25405.4,2380.8,9314.9,37101.1,3500.0
1786589575.452967,26199.4,1984.0,9415.0,37598.4,3500.0
1786589575.552972,25018.6,1984.8,9214.7,36218.1,3300.0
1786589575.652914,25018.6,1984.8,9314.9,36318.2,3400.0
1786589575.753139,25802.4,1984.8,9415.0,37202.2,3500.0
1786589575.853137,25802.4,1984.8,9415.0,37202.2,3400.0
1786589575.952922,25018.6,1985.6,9214.7,36218.9,3300.0
1786589576.052962,25415.7,1984.8,9314.9,36715.4,3400.0
1786589576.153444,25802.4,2380.8,9515.2,37698.4,3600.0
1786589576.253024,25415.7,2381.8,9314.9,37112.3,3400.0
1786589576.353007,25018.6,2381.8,9314.9,36715.2,3400.0
1786589576.452973,25812.8,2381.8,9415.0,37609.6,3500.0
1786589576.552934,25802.4,1984.8,9415.0,37202.2,3500.0
1786589576.652970,25018.6,1985.6,9214.7,36218.9,3300.0
1786589576.752964,25415.7,1984.8,9314.9,36715.4,3400.0
1786589576.853250,25802.4,1984.0,9415.0,37201.4,3500.0
1786589576.952950,25415.7,1984.8,9314.9,36715.4,3400.0
1786589577.052968,24621.4,1985.6,9214.7,35821.8,3300.0
1786589577.152964,25018.6,1984.8,9314.9,36318.2,3400.0
1786589577.252959,25802.4,1984.0,9415.0,37201.4,3500.0
1786589577.353125,25415.7,1984.8,9314.9,36715.4,3400.0
1786589577.453142,24621.4,1984.8,9214.7,35821.0,3400.0
1786589577.553198,25405.4,1984.8,9314.9,36705.1,3500.0
1786589577.652939,25802.4,1984.0,9515.2,37301.6,3500.0
1786589577.753213,25018.6,1984.8,9214.7,36218.1,3400.0
1786589577.853145,25018.6,1984.8,9314.9,36318.2,3400.0
1786589577.952972,25405.4,1984.8,9415.0,36805.3,3500.0
1786589578.053062,25802.4,1984.0,9415.0,37201.4,3500.0
1786589578.153339,25018.6,2381.8,9214.7,36615.0,3400.0
1786589578.252985,25415.7,2381.8,9314.9,37112.3,3400.0
1786589578.352958,25802.4,2380.8,9415.0,37598.2,3500.0
1786589578.453013,25405.4,2381.8,9314.9,37102.1,3400.0
1786589578.552964,25018.6,2381.8,9214.7,36615.0,3400.0
1786589578.652942,25405.4,1984.8,9314.9,36705.1,3500.0
1786589578.752975,25802.4,1984.0,9515.2,37301.6,3500.0
1786589578.853198,25415.7,1984.8,9214.7,36615.2,3400.0
1786589578.952973,25018.6,1984.8,9214.7,36218.1,3400.0
1786589579.052993,25405.4,1984.0,9415.0,36804.5,3500.0
1786589579.153027,25802.4,1984.0,9415.0,37201.4,3500.0
1786589579.253178,25018.6,2381.8,9214.7,36615.0,3300.0
1786589579.353273,25008.5,2778.7,9314.9,37102.1,3400.0
1786589579.453507,25802.4,2777.6,9515.2,38095.2,3600.0
1786589579.553206,25802.4,3174.4,9415.0,38391.8,3500.0
1786589579.653028,24621.4,2778.7,9314.9,36715.0,3400.0
1786589579.753183,25405.4,2778.7,9415.0,37599.2,3500.0
1786589579.853126,25802.4,2380.8,9515.2,37698.4,3600.0
1786589579.952963,25405.4,2381.8,9314.9,37102.1,3400.0
1786589580.053544,21850.4,2779.8,8613.8,33244.0,2900.0
1786589580.153578,18274.9,3177.0,8113.0,29564.8,2500.0
1786589580.253497,15493.9,3177.0,7512.0,26182.9,2200.0
1786589580.353491,13507.5,3574.1,7111.4,24193.0,1903.0
1786589580.453480,11918.4,3574.1,6810.9,22303.4,1802.9
1786589580.553501,10329.3,3574.1,6610.6,20513.9,1702.7
1786589580.653424,9534.7,3574.1,6410.2,19519.0,1502.4
1786589580.753438,8740.2,3177.0,6209.9,18127.0,1402.2
1786589580.853555,7945.6,3177.0,6009.6,17132.2,1402.2
1786589580.953471,7548.3,3175.7,5909.4,16633.4,1302.1
1786589581.053158,7151.0,2779.8,5609.0,15539.8,1101.8
1786589581.152987,6753.8,2382.7,5408.6,14545.1,901.4
1786589581.252973,6356.5,2382.7,5208.3,13947.5,801.3
1786589581.353022,5959.2,1984.8,5008.0,12952.0,701.1
1786589581.453424,5959.2,1984.8,4907.8,12851.8,701.1
1786589581.553015,5561.9,1984.8,4807.7,12354.4,601.0
1786589581.652948,5561.9,1984.8,4807.7,12354.4,500.8
1786589581.753246,5561.9,1984.8,4707.5,12254.2,500.8
1786589581.853138,5561.9,1587.8,4707.5,11857.3,500.8
1786589581.952954,5164.6,1587.8,4607.4,11359.8,500.8
1786589582.052960,5164.6,1588.5,4607.4,11360.5,500.8
1786589582.153341,5164.6,1984.8,4607.4,11756.8,500.8
1786589582.252995,5164.6,1587.8,4607.4,11359.8,500.8
1786589582.352960,5164.6,1588.5,4607.4,11360.5,500.8
1786589582.452951,5164.6,1588.5,4507.2,11260.3,400.6
1786589582.552966,5164.6,1588.5,4507.2,11260.3,400.6
1786589582.652948,5164.6,1588.5,4507.2,11260.3,400.6
1786589582.752972,5164.6,1588.5,4507.2,11260.3,400.6
1786589582.853138,5164.6,1588.5,4507.2,11260.3,400.6
1786589582.952958,5164.6,1588.5,4507.2,11260.3,400.6
1786589583.052954,5164.6,1588.5,4507.2,11260.3,400.6
1786589583.153032,5164.6,1587.8,4507.2,11259.7,400.6
1786589583.252986,5164.6,1587.8,4507.2,11259.7,400.6
1786589583.353035,5164.6,1587.8,4507.2,11259.7,400.6
1786589583.452963,5164.6,1587.8,4507.2,11259.7,400.6
1786589583.552961,5164.6,1587.8,4507.2,11259.7,400.6
1786589583.652951,5164.6,1587.8,4507.2,11259.7,400.6
1786589583.753047,5164.6,1587.8,4507.2,11259.7,400.6
1786589583.853039,5164.6,1587.8,4507.2,11259.7,400.6
1786589583.953024,5164.6,1587.8,4507.2,11259.7,400.6
1786589584.053109,5164.6,1587.8,4507.2,11259.7,400.6
1786589584.153296,5164.6,1587.8,4507.2,11259.7,500.8
1786589584.252923,5164.6,1588.5,4507.2,11260.3,500.8
1786589584.352890,5164.6,1588.5,4507.2,11260.3,400.6
1786589584.452884,5164.6,1588.5,4507.2,11260.3,400.6
1786589584.552904,5164.6,1588.5,4507.2,11260.3,400.6
1786589584.652949,5164.6,1588.5,4507.2,11260.3,400.6
1786589584.753082,5164.6,1587.8,4507.2,11259.7,500.8
1786589584.853209,5164.6,1984.8,4607.4,11756.8,500.8
1786589584.953263,5162.6,2381.8,4707.5,12251.8,601.0
1786589585.053220,5164.6,2381.8,4707.5,12253.9,601.0
1786589585.152896,5164.6,1985.6,4707.5,11857.8,601.0
1786589585.252896,5164.6,1985.6,4607.4,11757.6,500.8
1786589585.353007,5164.6,1985.6,4607.4,11757.6,500.8
1786589585.452911,5164.6,1985.6,4507.2,11657.4,500.8
1786589585.552924,5164.6,1588.5,4507.2,11260.3,500.8
1786589585.652912,5164.6,1588.5,4507.2,11260.3,400.6
1786589585.753064,5164.6,1588.5,4507.2,11260.3,400.6
1786589585.853015,5164.6,1588.5,4507.2,11260.3,400.6
1786589585.952950,5164.6,1587.8,4507.2,11259.7,400.6
1786589586.052942,5164.6,1587.8,4507.2,11259.7,400.6
1786589586.153338,5162.6,1587.8,4507.2,11257.6,500.8
1786589586.253165,5164.6,1588.5,4507.2,11260.3,500.8
1786589586.352929,5164.6,1588.5,4507.2,11260.3,500.8
1786589586.452912,5164.6,1588.5,4507.2,11260.3,400.6
1786589586.552924,5164.6,1588.5,4507.2,11260.3,400.6
1786589586.652947,5164.6,1588.5,4507.2,11260.3,400.6
1786589586.752939,5164.6,1588.5,4507.2,11260.3,400.6
1786589586.853115,5164.6,1588.5,4507.2,11260.3,400.6
1786589586.952950,5164.6,1588.5,4507.2,11260.3,400.6
1786589587.052916,5164.6,1588.5,4507.2,11260.3,400.6
1786589587.152911,5164.6,1588.5,4507.2,11260.3,400.6
1786589587.252927,5164.6,1588.5,4407.0,11160.2,400.6
1786589587.352930,5164.6,1588.5,4407.0,11160.2,400.6
1786589587.453087,5164.6,1588.5,4507.2,11260.3,400.6
1786589587.552940,5164.6,1588.5,4507.2,11260.3,400.6
1786589587.652915,5164.6,1588.5,4407.0,11160.2,400.6
1786589587.753060,5164.6,1588.5,4407.0,11160.2,400.6
1786589587.853032,5164.6,1588.5,4407.0,11160.2,400.6
1786589587.952942,5164.6,1587.8,4407.0,11159.5,400.6
1786589588.052948,5164.6,1587.8,4407.0,11159.5,400.6
1786589588.153309,5162.6,1587.8,4507.2,11257.6,500.8
1786589588.252938,5164.6,1587.8,4507.2,11259.7,400.6
1786589588.352943,5164.6,1587.8,4507.2,11259.7,400.6
1786589588.452990,5164.6,1587.8,4507.2,11259.7,400.6
1786589588.553069,5164.6,1587.8,4507.2,11259.7,400.6
1786589588.652931,5164.6,1587.8,4507.2,11259.7,400.6
1786589588.752937,5162.6,1587.8,4507.2,11257.6,400.6
1786589588.853087,5164.6,1587.8,4507.2,11259.7,400.6
1786589588.952913,5164.6,1587.8,4507.2,11259.7,400.6
1786589589.052935,5164.6,1587.8,4507.2,11259.7,400.6
1786589589.152937,5164.6,1587.8,4507.2,11259.7,400.6
1786589589.252952,5162.6,1587.8,4507.2,11257.6,400.6
1786589589.352941,5164.6,1587.8,4407.0,11159.5,400.6
1786589589.453029,5164.6,1587.8,4407.0,11159.5,400.6
1786589589.552957,5164.6,1587.8,4407.0,11159.5,400.6
1786589589.652940,5164.6,1587.8,4407.0,11159.5,400.6
1786589589.753059,5164.6,1588.5,4407.0,11160.2,400.6
1786589589.853053,5164.6,1588.5,4407.0,11160.2,400.6
1786589589.952958,5164.6,1588.5,4507.2,11260.3,400.6
1786589590.052955,5164.6,1588.5,4407.0,11160.2,400.6
1786589590.153312,5164.6,1587.8,4507.2,11259.7,500.8
1786589590.253220,5164.6,1985.6,4507.2,11657.4,500.8
1786589590.353183,5164.6,1984.8,4607.4,11756.8,601.0
1786589590.453291,5164.6,2381.8,4707.5,12253.9,601.0
1786589590.553242,5164.6,2382.7,4707.5,12254.9,701.1
1786589590.652942,5164.6,2382.7,4707.5,12254.9,601.0
1786589590.752931,5164.6,1985.6,4607.4,11757.6,500.8
1786589590.853109,5164.6,1985.6,4607.4,11757.6,500.8
1786589590.952986,5164.6,1985.6,4607.4,11757.6,500.8
1786589591.052932,5164.6,1985.6,4507.2,11657.4,500.8
1786589591.152915,5164.6,1587.8,4507.2,11259.7,400.6
1786589591.253401,5164.6,1984.8,4607.4,11756.8,500.8
1786589591.352959,5164.6,1984.8,4507.2,11656.6,500.8
1786589591.452987,5164.6,1587.8,4507.2,11259.7,500.8
1786589591.553144,5164.6,1984.8,4507.2,11656.6,500.8
1786589591.652929,5164.6,1587.8,4507.2,11259.7,500.8
1786589591.753042,5164.6,1587.8,4507.2,11259.7,400.6
1786589591.852983,5164.6,1587.8,4507.2,11259.7,400.6
1786589591.952922,5164.6,1587.8,4507.2,11259.7,400.6
1786589592.052950,5164.6,1587.8,4507.2,11259.7,400.6
1786589592.153299,5162.6,1587.8,4507.2,11257.6,500.8
1786589592.253021,5164.6,1587.8,4507.2,11259.7,400.6
1786589592.352923,5164.6,1587.8,4507.2,11259.7,400.6
1786589592.452909,5164.6,1587.8,4507.2,11259.7,400.6
1786589592.552917,5164.6,1587.8,4507.2,11259.7,400.6
1786589592.652932,5164.6,1587.8,4507.2,11259.7,400.6
1786589592.753153,5164.6,1587.8,4507.2,11259.7,400.6
1786589592.853153,5164.6,1587.8,4507.2,11259.7,400.6
1786589592.952949,5164.6,1587.8,4507.2,11259.7,400.6
1786589593.052947,5164.6,1587.8,4507.2,11259.7,400.6
1786589593.152943,5164.6,1588.5,4507.2,11260.3,400.6
1786589593.252949,5164.6,1587.8,4407.0,11159.5,400.6
1786589593.352950,5164.6,1587.8,4407.0,11159.5,400.6
1786589593.453032,5164.6,1587.8,4407.0,11159.5,400.6
1786589593.552945,5162.6,1587.8,4407.0,11157.4,400.6
1786589593.652936,5162.6,1587.8,4407.0,11157.4,400.6
1786589593.753064,5162.6,1587.8,4407.0,11157.4,400.6
1786589593.853063,5162.6,1587.8,4407.0,11157.4,400.6
1786589593.952944,5162.6,1587.8,4407.0,11157.4,400.6
1786589594.052948,5162.6,1587.8,4407.0,11157.4,400.6
1786589594.153339,5162.6,1587.8,4507.2,11257.6,500.8
1786589594.252954,5164.6,1587.8,4507.2,11259.7,400.6
1786589594.352935,5164.6,1587.8,4507.2,11259.7,400.6
1786589594.452941,5164.6,1587.8,4507.2,11259.7,400.6
1786589594.552956,5164.6,1587.8,4507.2,11259.7,400.6
1786589594.652943,5164.6,1587.8,4507.2,11259.7,400.6
1786589594.752950,5164.6,1587.8,4407.0,11159.5,400.6
1786589594.853152,5164.6,1587.8,4507.2,11259.7,400.6
1786589594.953048,5164.6,1588.5,4407.0,11160.2,400.6
1786589595.053156,5164.6,1588.5,4507.2,11260.3,400.6
1786589595.152945,5164.6,1588.5,4507.2,11260.3,400.6
1786589595.252959,5164.6,1588.5,4507.2,11260.3,400.6
1786589595.353011,5164.6,1588.5,4507.2,11260.3,400.6
1786589595.453023,5164.6,1588.5,4507.2,11260.3,400.6
1786589595.552966,5164.6,1588.5,4507.2,11260.3,400.6
1786589595.652937,5164.6,1588.5,4407.0,11160.2,400.6
1786589595.753200,5164.6,1587.8,4507.2,11259.7,500.8
1786589595.853082,5164.6,1984.8,4607.4,11756.8,500.8
1786589595.953249,5164.6,2381.8,4707.5,12253.9,601.0
1786589596.053187,5164.6,2382.7,4707.5,12254.9,601.0
1786589596.153396,5164.6,2381.8,4707.5,12253.9,601.0
1786589596.252953,5164.6,1985.6,4607.4,11757.6,601.0
1786589596.352900,5164.6,1985.6,4607.4,11757.6,500.8
1786589596.452965,5164.6,1985.6,4607.4,11757.6,500.8
1786589596.552928,5164.6,1985.6,4507.2,11657.4,500.8
1786589596.652947,5164.6,1587.8,4507.2,11259.7,400.6
1786589596.752948,5164.6,1587.8,4507.2,11259.7,400.6
1786589596.853134,5164.6,1587.8,4507.2,11259.7,400.6
1786589596.952944,5164.6,1587.8,4507.2,11259.7,400.6
1786589597.052917,5164.6,1587.8,4507.2,11259.7,400.6
1786589597.152908,5164.6,1588.5,4507.2,11260.3,400.6
1786589597.253190,5164.6,1587.8,4507.2,11259.7,400.6
1786589597.352911,5164.6,1587.8,4507.2,11259.7,400.6
1786589597.453012,5164.6,1587.8,4507.2,11259.7,400.6
1786589597.552923,5164.6,1587.8,4507.2,11259.7,400.6
1786589597.652934,5164.6,1587.8,4507.2,11259.7,400.6
1786589597.753080,5164.6,1587.8,4507.2,11259.7,400.6
1786589597.853029,5164.6,1587.8,4407.0,11159.5,400.6
1786589597.953010,5164.6,1587.8,4407.0,11159.5,400.6
1786589598.052941,5164.6,1587.8,4407.0,11159.5,400.6
1786589598.153316,5162.6,1587.8,4507.2,11257.6,500.8
1786589598.253058,5164.6,1587.8,4507.2,11259.7,400.6
1786589598.352950,5164.6,1587.8,4507.2,11259.7,400.6
1786589598.452948,5164.6,1587.8,4507.2,11259.7,400.6
1786589598.552960,5164.6,1587.8,4507.2,11259.7,400.6
1786589598.653023,5164.6,1587.8,4507.2,11259.7,400.6
1786589598.752950,5164.6,1587.8,4407.0,11159.5,400.6
1786589598.853111,5164.6,1587.8,4407.0,11159.5,400.6
1786589598.953011,5164.6,1587.8,4407.0,11159.5,400.6
1786589599.052934,5164.6,1588.5,4407.0,11160.2,400.6
1786589599.152923,5164.6,1588.5,4407.0,11160.2,400.6
1786589599.252949,5164.6,1588.5,4407.0,11160.2,400.6
1786589599.352944,5164.6,1588.5,4407.0,11160.2,400.6
1786589599.453070,5164.6,1588.5,4407.0,11160.2,400.6
1786589599.553045,5164.6,1588.5,4507.2,11260.3,400.6
1786589599.652948,5164.6,1588.5,4507.2,11260.3,400.6
1786589599.753091,5164.6,1588.5,4407.0,11160.2,400.6
1786589599.853027,5164.6,1588.5,4407.0,11160.2,400.6
1786589599.952961,5164.6,1588.5,4407.0,11160.2,400.6
1786589600.052961,5164.6,1588.5,4407.0,11160.2,400.6
1786589600.153337,5164.6,1587.8,4507.2,11259.7,500.8
1786589600.252979,5164.6,1588.5,4507.2,11260.3,400.6
1786589600.352940,5164.6,1588.5,4507.2,11260.3,400.6
1786589600.452958,5164.6,1588.5,4507.2,11260.3,400.6
1786589600.552968,5164.6,1587.8,4507.2,11259.7,400.6
1786589600.652965,5164.6,1587.8,4507.2,11259.7,400.6
1786589600.753027,5164.6,1587.8,4407.0,11159.5,400.6
1786589600.853113,5164.6,1587.8,4507.2,11259.7,400.6
1786589600.952949,5164.6,1587.8,4407.0,11159.5,400.6
1786589601.052956,5162.6,1587.8,4407.0,11157.4,400.6
1786589601.152933,5162.6,1587.8,4407.0,11157.4,400.6
1786589601.253137,5162.6,1587.8,4507.2,11257.6,400.6
1786589601.353008,5162.6,1984.8,4607.4,11754.7,500.8
1786589601.453259,5162.6,1984.8,4707.5,11854.9,601.0
1786589601.553223,5164.6,2381.8,4707.5,12253.9,701.1
1786589601.652922,5164.6,2382.7,4707.5,12254.9,601.0
1786589601.753018,5164.6,1985.6,4607.4,11757.6,500.8
1786589601.852998,5164.6,1985.6,4607.4,11757.6,500.8
1786589601.952919,5164.6,1985.6,4507.2,11657.4,500.8
1786589602.052932,5164.6,1588.5,4507.2,11260.3,500.8
1786589602.153295,5164.6,1984.8,4607.4,11756.8,500.8
1786589602.252939,5164.6,1588.5,4507.2,11260.3,500.8
1786589602.352914,5164.6,1588.5,4507.2,11260.3,400.6
1786589602.452901,5164.6,1587.8,4507.2,11259.7,400.6
1786589602.552941,5164.6,1587.8,4507.2,11259.7,400.6
1786589602.652950,5164.6,1587.8,4507.2,11259.7,400.6
1786589602.752950,5164.6,1587.8,4507.2,11259.7,400.6
1786589602.853168,5164.6,1587.8,4507.2,11259.7,400.6
1786589602.952927,5164.6,1587.8,4507.2,11259.7,400.6
1786589603.052933,5164.6,1587.8,4507.2,11259.7,400.6
1786589603.152949,5164.6,1587.8,4407.0,11159.5,400.6
1786589603.252945,5164.6,1587.8,4407.0,11159.5,400.6
1786589603.352961,5164.6,1587.8,4407.0,11159.5,400.6
1786589603.453032,5164.6,1587.8,4407.0,11159.5,400.6
1786589603.553060,5164.6,1587.8,4407.0,11159.5,400.6
1786589603.652936,5164.6,1587.8,4407.0,11159.5,400.6
1786589603.753161,5164.6,1587.8,4507.2,11259.7,400.6
1786589603.852968,5164.6,1587.8,4507.2,11259.7,400.6
1786589603.952945,5164.6,1588.5,4507.2,11260.3,400.6
1786589604.052958,5164.6,1588.5,4407.0,11160.2,400.6
1786589604.153293,5164.6,1587.8,4507.2,11259.7,500.8
1786589604.252939,5164.6,1588.5,4507.2,11260.3,400.6
1786589604.352915,5164.6,1588.5,4507.2,11260.3,400.6
1786589604.452946,5164.6,1588.5,4507.2,11260.3,400.6
1786589604.553010,5164.6,1588.5,4507.2,11260.3,400.6
1786589604.652950,5164.6,1587.8,4507.2,11259.7,400.6
1786589604.752964,5164.6,1587.8,4407.0,11159.5,400.6
1786589604.853125,5164.6,1587.8,4407.0,11159.5,400.6
1786589604.952950,5164.6,1587.8,4407.0,11159.5,400.6
1786589605.052948,5162.6,1587.8,4407.0,11157.4,400.6
1786589605.152945,5162.6,1587.8,4407.0,11157.4,400.6
1786589605.252960,5162.6,1587.8,4407.0,11157.4,400.6
1786589605.352938,5162.6,1587.8,4407.0,11157.4,400.6
1786589605.453018,5162.6,1587.8,4407.0,11157.4,400.6
1786589605.552945,5162.6,1587.8,4407.0,11157.4,400.6
1786589605.652947,5162.6,1587.8,4407.0,11157.4,400.6
1786589605.753064,5162.6,1587.8,4407.0,11157.4,400.6
1786589605.852992,5162.6,1587.8,4407.0,11157.4,400.6
1786589605.952956,5162.6,1587.8,4407.0,11157.4,400.6
1786589606.053092,5162.6,1587.8,4507.2,11257.6,400.6
1786589606.153285,5162.6,1587.8,4507.2,11257.6,500.8
1786589606.252941,5162.6,1587.8,4507.2,11257.6,500.8
1786589606.352990,5162.6,1587.8,4507.2,11257.6,400.6
1786589606.452958,5162.6,1587.8,4507.2,11257.6,400.6
1786589606.552917,5162.6,1587.8,4507.2,11257.6,400.6
1786589606.653134,5162.6,1587.8,4507.2,11257.6,400.6
1786589606.753115,5162.6,1587.8,4507.2,11257.6,500.8
1786589606.853140,5162.6,1984.8,4607.4,11754.7,500.8
1786589606.953275,5162.6,2381.8,4707.5,12251.8,601.0
1786589607.053199,5162.6,2381.8,4707.5,12251.8,601.0
1786589607.152933,5162.6,1984.8,4607.4,11754.7,601.0
1786589607.252939,5162.6,1984.8,4607.4,11754.7,500.8
1786589607.352932,5162.6,1984.8,4507.2,11654.6,500.8
1786589607.453050,5162.6,1587.8,4507.2,11257.6,500.8
1786589607.552965,5164.6,1587.8,4507.2,11259.7,400.6
1786589607.652923,5164.6,1587.8,4507.2,11259.7,400.6
1786589607.753035,5164.6,1587.8,4507.2,11259.7,400.6
1786589607.853029,5164.6,1587.8,4507.2,11259.7,400.6
1786589607.952924,5164.6,1587.8,4507.2,11259.7,400.6
1786589608.053174,5162.6,1984.8,4607.4,11754.7,500.8
1786589608.153376,5162.6,2381.8,4707.5,12251.8,601.0
1786589608.253262,5162.6,2381.8,4807.7,12352.0,701.1
1786589608.352948,5164.6,2381.8,4707.5,12253.9,601.0
1786589608.452910,5164.6,1984.8,4607.4,11756.8,500.8
1786589608.552924,5164.6,1984.8,4607.4,11756.8,500.8
1786589608.652913,5164.6,1984.8,4607.4,11756.8,500.8
1786589608.752943,5164.6,1587.8,4507.2,11259.7,500.8
1786589608.853135,5164.6,1587.8,4507.2,11259.7,400.6
1786589608.952966,5164.6,1587.8,4507.2,11259.7,400.6
1786589609.052913,5164.6,1587.8,4507.2,11259.7,400.6
1786589609.152920,5162.6,1587.8,4507.2,11257.6,400.6
1786589609.252959,5162.6,1587.8,4507.2,11257.6,400.6
1786589609.352962,5162.6,1587.8,4507.2,11257.6,400.6
1786589609.453048,5162.6,1587.8,4407.0,11157.4,400.6
1786589609.552951,5162.6,1587.8,4407.0,11157.4,400.6
1786589609.652943,5162.6,1587.8,4407.0,11157.4,400.6
1786589609.753029,5162.6,1587.8,4407.0,11157.4,400.6
1786589609.853005,5162.6,1587.8,4407.0,11157.4,400.6
1786589609.952939,5162.6,1587.8,4407.0,11157.4,400.6
1786589610.052941,5162.6,1587.8,4407.0,11157.4,400.6
1786589610.153311,5162.6,1587.8,4507.2,11257.6,500.8
1786589610.252973,5162.6,1587.8,4507.2,11257.6,400.6
1786589610.353018,5162.6,1587.8,4507.2,11257.6,400.6
1786589610.452957,5162.6,1587.8,4507.2,11257.6,400.6
1786589610.553080,5162.6,1587.8,4507.2,11257.6,400.6
1786589610.652998,5162.6,1587.8,4507.2,11257.6,400.6
1786589610.752973,5162.6,1587.8,4507.2,11257.6,400.6
1786589610.853171,5162.6,1587.8,4507.2,11257.6,400.6
1786589610.952964,5162.6,1587.8,4507.2,11257.6,400.6
1786589611.052922,5162.6,1587.8,4407.0,11157.4,400.6
1786589611.152911,5162.6,1587.8,4407.0,11157.4,400.6
1786589611.253002,5162.6,1587.8,4407.0,11157.4,400.6
1786589611.353210,5162.6,1587.8,4507.2,11257.6,500.8
1786589611.453074,5162.6,1587.8,4507.2,11257.6,500.8
1786589611.553156,5162.6,1587.8,4507.2,11257.6,500.8
1786589611.653141,5162.6,1587.8,4507.2,11257.6,500.8
1786589611.753018,5162.6,1587.8,4507.2,11257.6,400.6
1786589611.852923,5162.6,1587.8,4507.2,11257.6,400.6
1786589611.952918,5162.6,1587.8,4507.2,11257.6,400.6
1786589612.052913,5162.6,1587.8,4507.2,11257.6,400.6
1786589612.153282,5162.6,1587.8,4507.2,11257.6,500.8
1786589612.253279,5162.6,1984.8,4507.2,11654.6,500.8
1786589612.353163,5162.6,1984.8,4607.4,11754.7,601.0
1786589612.453393,5162.6,2381.8,4707.5,12251.8,601.0
1786589612.553177,5162.6,2381.8,4707.5,12251.8,701.1
1786589612.652914,5162.6,2381.8,4707.5,12251.8,601.0
1786589612.752925,5162.6,1984.8,4607.4,11754.7,500.8
1786589612.853038,5162.6,1984.8,4607.4,11754.7,500.8
1786589612.952987,5162.6,1984.8,4507.2,11654.6,500.8
1786589613.052960,5162.6,1587.8,4507.2,11257.6,500.8
1786589613.152931,5162.6,1587.8,4507.2,11257.6,400.6
1786589613.252941,5162.6,1587.8,4507.2,11257.6,400.6
1786589613.353000,5162.6,1587.8,4507.2,11257.6,400.6
1786589613.453090,5162.6,1587.8,4507.2,11257.6,400.6
1786589613.552934,5162.6,1587.8,4507.2,11257.6,400.6
1786589613.652922,5162.6,1587.8,4507.2,11257.6,400.6
1786589613.753039,5162.6,1587.8,4407.0,11157.4,400.6
1786589613.852952,5162.6,1587.8,4407.0,11157.4,400.6
1786589613.952918,5162.6,1587.8,4407.0,11157.4,400.6
1786589614.052961,5162.6,1587.8,4407.0,11157.4,400.6
1786589614.153309,5162.6,1587.8,4507.2,11257.6,500.8
1786589614.252972,5162.6,1587.8,4507.2,11257.6,400.6
1786589614.352957,5162.6,1587.8,4507.2,11257.6,400.6
1786589614.452918,5162.6,1587.8,4507.2,11257.6,400.6
1786589614.552916,5162.6,1587.8,4507.2,11257.6,400.6
1786589614.652941,5162.6,1587.8,4507.2,11257.6,400.6
1786589614.753075,5162.6,1587.8,4507.2,11257.6,400.6
1786589614.853061,5162.6,1587.8,4507.2,11257.6,400.6
1786589614.952962,5162.6,1587.8,4507.2,11257.6,400.6
1786589615.053003,5162.6,1587.8,4407.0,11157.4,400.6
1786589615.152922,5162.6,1587.8,4407.0,11157.4,400.6
1786589615.252956,5162.6,1587.8,4407.0,11157.4,400.6
1786589615.352939,5162.6,1587.8,4407.0,11157.4,400.6
1786589615.453003,5162.6,1587.8,4507.2,11257.6,400.6
1786589615.552949,5162.6,1587.8,4407.0,11157.4,400.6
1786589615.652930,5162.6,1587.8,4407.0,11157.4,400.6
1786589615.753023,5162.6,1587.8,4407.0,11157.4,400.6
1786589615.852950,5162.6,1587.8,4407.0,11157.4,400.6
1786589615.952962,5162.6,1587.8,4407.0,11157.4,400.6
1786589616.053198,5162.6,1587.8,4507.2,11257.6,500.8
1786589616.153319,5162.6,2381.8,4607.4,12151.7,601.0
1786589616.253348,5162.6,2381.8,4707.5,12251.8,701.1
1786589616.353036,5162.6,2381.8,4707.5,12251.8,601.0
1786589616.452922,5162.6,1984.8,4607.4,11754.7,500.8
1786589616.552916,5162.6,1984.8,4607.4,11754.7,500.8
1786589616.652924,5162.6,1984.8,4507.2,11654.6,500.8
1786589616.752919,5162.6,1587.8,4507.2,11257.6,500.8
1786589616.853022,5162.6,1587.8,4507.2,11257.6,400.6
1786589616.953045,5162.6,1587.8,4507.2,11257.6,400.6
1786589617.053167,5162.6,1587.8,4507.2,11257.6,400.6
1786589617.152969,5162.6,1587.8,4507.2,11257.6,400.6
1786589617.252946,5162.6,1587.8,4507.2,11257.6,400.6
1786589617.352983,5162.6,1587.8,4507.2,11257.6,400.6
1786589617.453028,5162.6,1587.8,4507.2,11257.6,400.6
1786589617.552956,5164.6,1587.8,4507.2,11259.7,400.6
1786589617.652923,5164.6,1587.8,4407.0,11159.5,400.6
1786589617.753158,5162.6,1587.8,4507.2,11257.6,500.8
1786589617.852980,5162.6,1984.8,4607.4,11754.7,500.8
1786589617.953294,5162.6,2381.8,4707.5,12251.8,601.0
1786589618.053191,5164.6,2381.8,4707.5,12253.9,601.0
1786589618.153291,5162.6,2381.8,4707.5,12251.8,601.0
1786589618.252912,5164.6,1984.8,4607.4,11756.8,601.0
1786589618.352982,5164.6,1984.8,4607.4,11756.8,500.8
1786589618.452902,5164.6,1984.8,4607.4,11756.8,500.8
1786589618.552939,5164.6,1587.8,4507.2,11259.7,500.8
1786589618.652948,5164.6,1587.8,4507.2,11259.7,400.6
1786589618.752946,5164.6,1587.8,4507.2,11259.7,400.6
1786589618.853039,5164.6,1587.8,4507.2,11259.7,400.6
1786589618.952946,5162.6,1587.8,4507.2,11257.6,400.6
1786589619.052943,5162.6,1587.8,4507.2,11257.6,400.6
1786589619.152925,5162.6,1587.8,4507.2,11257.6,400.6
1786589619.253162,5162.6,1587.8,4507.2,11257.6,400.6
1786589619.352944,5162.6,1587.8,4507.2,11257.6,400.6
1786589619.453018,5162.6,1587.8,4507.2,11257.6,400.6
1786589619.552930,5162.6,1587.8,4507.2,11257.6,400.6
1786589619.652899,5162.6,1587.8,4407.0,11157.4,400.6
1786589619.753025,5162.6,1587.8,4407.0,11157.4,400.6
1786589619.852916,5162.6,1587.8,4407.0,11157.4,400.6
1786589619.952905,5162.6,1587.8,4407.0,11157.4,400.6
1786589620.052972,5162.6,1587.8,4407.0,11157.4,400.6
1786589620.153307,5162.6,1587.8,4507.2,11257.6,500.8
1786589620.252936,5162.6,1587.8,4507.2,11257.6,400.6
1786589620.352964,5162.6,1587.8,4507.2,11257.6,400.6
1786589620.452912,5162.6,1587.8,4507.2,11257.6,400.6
1786589620.552928,5162.6,1587.8,4507.2,11257.6,400.6
1786589620.652947,5162.6,1587.8,4507.2,11257.6,400.6
1786589620.752946,5162.6,1587.8,4407.0,11157.4,400.6
1786589620.853056,5162.6,1587.8,4407.0,11157.4,400.6
1786589620.952966,5162.6,1587.8,4407.0,11157.4,400.6
1786589621.052943,5162.6,1587.8,4407.0,11157.4,400.6
1786589621.152942,5162.6,1587.8,4407.0,11157.4,400.6
1786589621.253001,5162.6,1587.8,4407.0,11157.4,400.6
1786589621.353002,5162.6,1190.9,4407.0,10760.5,400.6
1786589621.453107,5162.6,1587.8,4407.0,11157.4,400.6
1786589621.553021,5162.6,1587.8,4507.2,11257.6,400.6
1786589621.653186,5162.6,1587.8,4507.2,11257.6,500.8
1786589621.753248,5162.6,1587.8,4507.2,11257.6,500.8
1786589621.852933,5162.6,1587.8,4507.2,11257.6,400.6
1786589621.952910,5162.6,1587.8,4507.2,11257.6,400.6
1786589622.052913,5162.6,1587.8,4507.2,11257.6,400.6
1786589622.153285,5162.6,1587.8,4507.2,11257.6,500.8
1786589622.252934,5162.6,1587.8,4507.2,11257.6,400.6
1786589622.352997,5162.6,1587.8,4507.2,11257.6,400.6
1786589622.452910,5162.6,1587.8,4507.2,11257.6,400.6
1786589622.552919,5162.6,1587.8,4507.2,11257.6,400.6
1786589622.652938,5162.6,1587.8,4507.2,11257.6,400.6
1786589622.752942,5162.6,1587.8,4407.0,11157.4,400.6
1786589622.853021,5162.6,1587.8,4407.0,11157.4,400.6
1786589622.952966,5162.6,1587.8,4407.0,11157.4,400.6
1786589623.052957,5162.6,1587.8,4407.0,11157.4,400.6
1786589623.152934,5162.6,1587.8,4407.0,11157.4,400.6
1786589623.253160,5162.6,1587.8,4507.2,11257.6,400.6
1786589623.353095,5162.6,1984.8,4607.4,11754.7,500.8
1786589623.453407,5162.6,1984.8,4607.4,11754.7,601.0
1786589623.553138,5162.6,2381.8,4707.5,12251.8,601.0
1786589623.652939,5162.6,1984.8,4607.4,11754.7,601.0
1786589623.753045,5162.6,1984.8,4607.4,11754.7,500.8
1786589623.852936,5162.6,1984.8,4607.4,11754.7,500.8
1786589623.952950,5162.6,1587.8,4507.2,11257.6,500.8
1786589624.052966,5164.6,1587.8,4507.2,11259.7,400.6
1786589624.153307,5162.6,1984.8,4507.2,11654.6,500.8
1786589624.252967,5162.6,1587.8,4507.2,11257.6,500.8
1786589624.352974,5162.6,1587.8,4507.2,11257.6,400.6
1786589624.452947,5162.6,1587.8,4507.2,11257.6,400.6
1786589624.552973,5162.6,1587.8,4507.2,11257.6,400.6
1786589624.653027,5164.6,1587.8,4507.2,11259.7,400.6
1786589624.752968,5164.6,1587.8,4507.2,11259.7,400.6
1786589624.853081,5164.6,1587.8,4407.0,11159.5,400.6
1786589624.952962,5164.6,1587.8,4407.0,11159.5,400.6
1786589625.052962,5164.6,1587.8,4407.0,11159.5,400.6
1786589625.152950,5164.6,1587.8,4407.0,11159.5,400.6
1786589625.252974,5164.6,1587.8,4407.0,11159.5,400.6
1786589625.353008,5162.6,1587.8,4407.0,11157.4,400.6
1786589625.453119,5162.6,1587.8,4407.0,11157.4,400.6
1786589625.552969,5162.6,1587.8,4407.0,11157.4,400.6
1786589625.652960,5162.6,1587.8,4407.0,11157.4,400.0
1786589625.753193,5162.6,1587.8,4507.2,11257.6,400.6
1786589625.852959,5162.6,1587.8,4507.2,11257.6,400.6
1786589625.952941,5162.6,1587.8,4507.2,11257.6,400.6
1786589626.052956,5162.6,1587.8,4407.0,11157.4,400.6
1786589626.153345,5162.6,1587.8,4507.2,11257.6,500.8
1786589626.253034,5162.6,1587.8,4507.2,11257.6,400.6
1786589626.352954,5164.6,1587.8,4507.2,11259.7,400.6
1786589626.452907,5164.6,1587.8,4507.2,11259.7,400.6
1786589626.552901,5162.6,1587.8,4507.2,11257.6,400.6
1786589626.652913,5162.6,1587.8,4407.0,11157.4,400.6
1786589626.752927,5162.6,1587.8,4407.0,11157.4,400.6
1786589626.853057,5164.6,1587.8,4407.0,11159.5,400.6
1786589626.952977,5164.6,1587.8,4407.0,11159.5,400.6
1786589627.052958,5164.6,1587.8,4407.0,11159.5,400.6
1786589627.152957,5162.6,1587.8,4407.0,11157.4,400.6
1786589627.252958,5164.6,1587.8,4407.0,11159.5,400.6
1786589627.353007,5164.6,1587.8,4407.0,11159.5,400.6
1786589627.453000,5164.6,1587.8,4407.0,11159.5,400.6
1786589627.552943,5164.6,1588.5,4407.0,11160.2,400.6
1786589627.652930,5164.6,1191.4,4407.0,10763.0,400.6
1786589627.753041,5164.6,1191.4,4407.0,10763.0,400.6
1786589627.852938,5164.6,1191.4,4407.0,10763.0,400.6
1786589627.952954,5164.6,1191.4,4407.0,10763.0,400.6
1786589628.053110,5164.6,1588.5,4407.0,11160.2,400.6
1786589628.153353,5164.6,1587.8,4507.2,11259.7,500.8
1786589628.253023,5164.6,1587.8,4507.2,11259.7,400.6
1786589628.353065,5164.6,1587.8,4507.2,11259.7,400.6
1786589628.452951,5164.6,1588.5,4507.2,11260.3,400.6
1786589628.552969,5164.6,1588.5,4507.2,11260.3,400.6
1786589628.652951,5164.6,1587.8,4507.2,11259.7,400.6
1786589628.753151,5164.6,1587.8,4507.2,11259.7,500.8
1786589628.853304,5162.6,1984.8,4607.4,11754.7,500.8
1786589628.953330,5162.6,2381.8,4707.5,12251.8,601.0
1786589629.053226,5162.6,2381.8,4707.5,12251.8,601.0
1786589629.152922,5164.6,1984.8,4607.4,11756.8,601.0
1786589629.253009,5162.6,1984.8,4607.4,11754.7,500.8
1786589629.352994,5162.6,1984.8,4507.2,11654.6,500.8
1786589629.452993,5162.6,1587.8,4507.2,11257.6,500.8
1786589629.552928,5162.6,1587.8,4507.2,11257.6,400.6
1786589629.652928,5162.6,1587.8,4507.2,11257.6,400.6
1786589629.753037,5162.6,1587.8,4507.2,11257.6,400.6
1786589629.852936,5162.6,1587.8,4507.2,11257.6,400.6
1786589629.953066,5162.6,1587.8,4507.2,11257.6,400.6
1786589630.052936,5162.6,1587.8,4507.2,11257.6,400.6
1786589630.153309,5162.6,1587.8,4507.2,11257.6,500.8
1786589630.253148,5162.6,1587.8,4507.2,11257.6,500.8
1786589630.352942,5162.6,1587.8,4507.2,11257.6,400.6
1786589630.452933,5162.6,1587.8,4507.2,11257.6,400.6
1786589630.552933,5162.6,1587.8,4507.2,11257.6,400.6
1786589630.652938,5162.6,1587.8,4507.2,11257.6,400.6
1786589630.752965,5162.6,1587.8,4507.2,11257.6,400.6
1786589630.853080,5162.6,1587.8,4507.2,11257.6,400.6
1786589630.952971,5162.6,1587.8,4407.0,11157.4,400.6
1786589631.052959,5162.6,1587.8,4407.0,11157.4,400.6
1786589631.153022,5162.6,1587.8,4407.0,11157.4,400.6
1786589631.253012,5162.6,1587.8,4407.0,11157.4,400.6
1786589631.353284,5162.6,1587.8,4507.2,11257.6,400.6
1786589631.453248,5162.6,1587.8,4507.2,11257.6,500.8
1786589631.552949,5164.6,1587.8,4507.2,11259.7,500.8
1786589631.653248,5164.6,1587.8,4507.2,11259.7,500.8
1786589631.753039,5164.6,1587.8,4507.2,11259.7,500.8
1786589631.852956,5164.6,1587.8,4507.2,11259.7,400.6
1786589631.952958,5164.6,1587.8,4507.2,11259.7,400.6
1786589632.052946,5164.6,1588.5,4507.2,11260.3,400.6
1786589632.153327,5164.6,1587.8,4507.2,11259.7,500.8
1786589632.252952,5164.6,1588.5,4507.2,11260.3,400.6
1786589632.352957,5164.6,1588.5,4507.2,11260.3,400.6
1786589632.452936,5164.6,1588.5,4507.2,11260.3,400.6
1786589632.553047,5164.6,1588.5,4507.2,11260.3,400.6
1786589632.652959,5164.6,1588.5,4507.2,11260.3,400.6
1786589632.753006,5164.6,1588.5,4507.2,11260.3,400.6
1786589632.853078,5164.6,1588.5,4507.2,11260.3,400.6
1786589632.952957,5164.6,1587.8,4407.0,11159.5,400.6
1786589633.052967,5164.6,1587.8,4407.0,11159.5,400.6
1786589633.152959,5164.6,1587.8,4407.0,11159.5,400.6
1786589633.252955,5164.6,1587.8,4407.0,11159.5,400.6
1786589633.353023,5164.6,1587.8,4407.0,11159.5,400.6
1786589633.453023,5164.6,1587.8,4407.0,11159.5,400.6
1786589633.553064,5164.6,1587.8,4407.0,11159.5,400.6
1786589633.652983,5164.6,1587.8,4407.0,11159.5,400.6
1786589633.753099,5164.6,1587.8,4407.0,11159.5,400.6
1786589633.852955,5164.6,1587.8,4407.0,11159.5,400.6
1786589633.952902,5164.6,1587.8,4407.0,11159.5,400.0
1786589634.052906,5164.6,1587.8,4407.0,11159.5,400.6
1786589634.153308,5162.6,1587.8,4507.2,11257.6,400.6
1786589634.253176,5162.6,1587.8,4507.2,11257.6,500.8
1786589634.353099,5162.6,1984.8,4607.4,11754.7,500.8
1786589634.453498,5162.6,2381.8,4707.5,12251.8,601.0
1786589634.553117,5162.6,2381.8,4707.5,12251.8,601.0
1786589634.652933,5164.6,1984.8,4607.4,11756.8,601.0
1786589634.752918,5164.6,1984.8,4607.4,11756.8,500.8
1786589634.853066,5164.6,1984.8,4607.4,11756.8,500.8
1786589634.952942,5162.6,1587.8,4507.2,11257.6,500.8
1786589635.052952,5164.6,1587.8,4507.2,11259.7,400.6
1786589635.152947,5164.6,1587.8,4507.2,11259.7,400.6
1786589635.252946,5164.6,1587.8,4507.2,11259.7,400.6
1786589635.353005,5164.6,1587.8,4507.2,11259.7,400.6
1786589635.453038,5164.6,1587.8,4507.2,11259.7,400.6
1786589635.552956,5164.6,1587.8,4507.2,11259.7,400.6
1786589635.652929,5164.6,1587.8,4407.0,11159.5,400.6
1786589635.753034,5164.6,1587.8,4407.0,11159.5,400.6
1786589635.852943,5164.6,1587.8,4507.2,11259.7,400.6
1786589635.952924,5164.6,1587.8,4607.4,11359.8,400.6
1786589636.052958,5162.6,1587.8,4707.5,11457.9,400.6
1786589636.153307,5162.6,1587.8,4807.7,11558.1,400.6
1786589636.253020,5162.6,1587.8,4807.7,11558.1,400.6
1786589636.353035,5164.6,1587.8,4807.7,11560.2,400.6
1786589636.452955,5164.6,1587.8,4707.5,11460.0,400.6
1786589636.552973,5164.6,1587.8,4707.5,11460.0,400.6
1786589636.652975,5162.6,1587.8,4607.4,11357.8,400.6
1786589636.753147,5162.6,1587.8,4607.4,11357.8,400.6
1786589636.853046,5162.6,1587.8,4607.4,11357.8,400.6
1786589636.952943,5164.6,1587.8,4507.2,11259.7,400.6
1786589637.052924,5164.6,1587.8,4507.2,11259.7,400.6
1786589637.152940,5164.6,1587.8,4507.2,11259.7,400.6
1786589637.252958,5164.6,1587.8,4507.2,11259.7,400.6
1786589637.352988,5164.6,1587.8,4507.2,11259.7,400.6
1786589637.453056,5164.6,1587.8,4507.2,11259.7,400.6
1786589637.552967,5164.6,1587.8,4507.2,11259.7,400.6
1786589637.652949,5164.6,1587.8,4407.0,11159.5,400.6
1786589637.753060,5164.6,1587.8,4407.0,11159.5,400.6
1786589637.852959,5164.6,1587.8,4407.0,11159.5,400.6
1786589637.952936,5164.6,1190.9,4407.0,10762.6,400.6
1786589638.052954,5164.6,1190.9,4407.0,10762.6,400.6
1786589638.153331,5162.6,1587.8,4507.2,11257.6,400.6
1786589638.253006,5164.6,1587.8,4507.2,11259.7,400.6
1786589638.353038,5164.6,1587.8,4507.2,11259.7,400.6
1786589638.452950,5164.6,1587.8,4507.2,11259.7,400.6
1786589638.552975,5164.6,1587.8,4507.2,11259.7,400.6
1786589638.652962,5164.6,1588.5,4407.0,11160.2,400.6
1786589638.752945,5164.6,1588.5,4407.0,11160.2,400.6
1786589638.853070,5164.6,1587.8,4407.0,11159.5,400.6
1786589638.953014,5164.6,1588.5,4407.0,11160.2,400.6
1786589639.053115,5164.6,1587.8,4507.2,11259.7,400.6
1786589639.152966,5164.6,1588.5,4407.0,11160.2,400.6
1786589639.252951,5164.6,1588.5,4407.0,11160.2,400.6
1786589639.353007,5164.6,1588.5,4407.0,11160.2,400.6
1786589639.453058,5164.6,1587.8,4407.0,11159.5,400.6
1786589639.553017,5164.6,1587.8,4407.0,11159.5,400.6
1786589639.652914,5164.6,1587.8,4407.0,11159.5,400.6
1786589639.753220,5164.6,1587.8,4507.2,11259.7,500.8
1786589639.853299,5162.6,1984.8,4607.4,11754.7,500.8
1786589639.953510,5162.6,1984.8,4607.4,11754.7,601.0
1786589640.053261,5164.6,2381.8,4707.5,12253.9,601.0
1786589640.153331,5162.6,2381.8,4707.5,12251.8,601.0
1786589640.252962,5164.6,1984.8,4607.4,11756.8,601.0
1786589640.353009,5164.6,1985.6,4607.4,11757.6,500.8
1786589640.452935,5164.6,1984.8,4607.4,11756.8,500.8
1786589640.552937,5164.6,1587.8,4507.2,11259.7,500.8
